#include "AdBlockData.hpp"

namespace google_ui::adblock_data {

const char* const kBlockedRules[] = {
    "101com.com",
    "1rx.io",
    "2mdn.net",
    "33across.com",
    "360yield.com",
    "3lift.com",
    "4dsply.com",
    "4info.com",
    "4wnet.com",
    "6sc.co",
    "acuityads.com",
    "ad-delivery.net",
    "ad-score.com",
    "ad.gt",
    "ad.smaato.net",
    "adacado.com",
    "adblade.com",
    "adbutler.com",
    "adcolony.com",
    "addthis.com",
    "addthisedge.com",
    "adform.com",
    "adform.net",
    "adfox.ru",
    "adgrx.com",
    "adhigh.net",
    "adition.com",
    "adkernel.com",
    "adlooxtracking.com",
    "admanmedia.com",
    "admantx.com",
    "admarketplace.net",
    "admedia.com",
    "admixer.net",
    "admob.com",
    "adnxs.com",
    "adotmob.com",
    "adpushup.com",
    "adreactor.com",
    "adriver.ru",
    "ads-twitter.com",
    "ads.linkedin.com",
    "adsafeprotected.com",
    "adsrvr.org",
    "adstage.io",
    "adsterra.com",
    "adswizz.com",
    "adtelligent.com",
    "adthrive.com",
    "adtrue.com",
    "adup-tech.com",
    "adverline.com",
    "advertising.com",
    "advertising.microsoft.com",
    "advertising.yahoo.com",
    "adzerk.net",
    "affec.tv",
    "affinity.com",
    "alexametrics.com",
    "amazon-adsystem.com",
    "amplitude.com",
    "aniview.com",
    "appier.net",
    "appmetrica.yandex.com",
    "appnexus.com",
    "appsflyer.com",
    "aralego.com",
    "atdmt.com",
    "atwola.com",
    "bannersnack.com",
    "beacon.krxd.net",
    "betweendigital.com",
    "bidr.io",
    "bidswitch.net",
    "bidtheatre.com",
    "bluekai.com",
    "bounceexchange.com",
    "branch.io",
    "btloader.com",
    "casalemedia.com",
    "chartbeat.com",
    "chartbeat.net",
    "clarity.ms",
    "clickagy.com",
    "clicktale.net",
    "cloudfront-labs.amazonaws.com",
    "cootlogix.com",
    "criteo.com",
    "criteo.net",
    "crwdcntrl.net",
    "datadome.co",
    "demdex.net",
    "dianomi.com",
    "doubleclick.net",
    "doubleverify.com",
    "dynatrace.com",
    "e-planning.net",
    "engagebdr.com",
    "everesttech.net",
    "exelator.com",
    "exoclick.com",
    "eyeota.net",
    "facebook.com/ads/",
    "facebook.com/advertising/",
    "facebook.net",
    "fastclick.net",
    "flashtalking.com",
    "floodlight.com",
    "flurry.com",
    "fwmrm.net",
    "gemius.pl",
    "getadmiral.com",
    "google-analytics.com",
    "googleadservices.com",
    "googleadsserving.cn",
    "googlesyndication.com",
    "googletagmanager.com",
    "googletagservices.com",
    "gumgum.com",
    "heapanalytics.com",
    "hotjar.com",
    "hotjar.io",
    "imasdk.googleapis.com",
    "imrworldwide.com",
    "inmobi.com",
    "innovid.com",
    "insightexpressai.com",
    "instagram.com/tracking",
    "intentiq.com",
    "intergient.com",
    "ipredictive.com",
    "jivox.com",
    "jsdelivr.net/gh/prebid",
    "justpremium.com",
    "kargo.com",
    "kochava.com",
    "krxd.net",
    "lijit.com",
    "linkedin.com/insight",
    "liveintent.com",
    "lkqd.net",
    "loopme.me",
    "lotame.com",
    "mathtag.com",
    "media.net",
    "mediamath.com",
    "mediavine.com",
    "metrika.yandex.ru",
    "mgid.com",
    "mixpanel.com",
    "moatads.com",
    "mookie1.com",
    "myvisualiq.net",
    "narrative.io",
    "nativeads.com",
    "nativo.com",
    "newrelic.com",
    "nextmillennium.io",
    "nielsen-online.com",
    "nielsen.com",
    "nr-data.net",
    "omappapi.com",
    "omtrdc.net",
    "onesignal.com",
    "openx.net",
    "opera.com/ads",
    "optimatic.com",
    "outbrain.com",
    "parsely.com",
    "perfectaudience.com",
    "permutive.com",
    "piano.io",
    "pixel.quantserve.com",
    "platform.twitter.com/oct.js",
    "postrelease.com",
    "prebid.org",
    "pubmatic.com",
    "quantcast.com",
    "quantserve.com",
    "revcontent.com",
    "rfihub.com",
    "rlcdn.com",
    "rubiconproject.com",
    "samba.tv",
    "scorecardresearch.com",
    "segment.com",
    "segment.io",
    "sekindo.com",
    "sharethrough.com",
    "siftscience.com",
    "simpli.fi",
    "sitescout.com",
    "smaato.com",
    "smartadserver.com",
    "smartclip.net",
    "snap.licdn.com",
    "snapads.com",
    "sonobi.com",
    "spot.im",
    "spotx.tv",
    "spotxchange.com",
    "stackadapt.com",
    "stickyadstv.com",
    "taboola.com",
    "tapad.com",
    "tapjoy.com",
    "teads.tv",
    "thebrighttag.com",
    "thetradedesk.com",
    "tiktok.com/i18n/pixel",
    "tiktokcdn.com/marketing",
    "track.adform.net",
    "trackersimulator.org",
    "trafficjunky.com",
    "tremorhub.com",
    "tribalfusion.com",
    "triplelift.com",
    "twitter.com/i/adsct",
    "undertone.com",
    "unrulymedia.com",
    "useinsider.com",
    "vidazoo.com",
    "videologygroup.com",
    "vidoomy.com",
    "viglink.com",
    "vimeo.com/ablincoln",
    "weborama.com",
    "webtrends.com",
    "xad.com",
    "yieldlab.net",
    "yieldmo.com",
    "yieldoptimizer.com",
    "yieldscale.com",
    "yieldx.com",
    "youboranqs01.com",
    "youtube.com/api/stats/ads",
    "youtube.com/get_midroll_info",
    "youtube.com/pagead",
    "youtube.com/ptracking",
    "youtube.com/youtubei/v1/ads",
    "youtube.com/youtubei/v1/log_event",
    "zedo.com",
    "zemanta.com",
    "zeotap.com",
    "zergnet.com",
};
const usize kBlockedRuleCount = sizeof(kBlockedRules) / sizeof(kBlockedRules[0]);

const char* const kBlockedUrlTokens[] = {
    "/ads/",
    "/adserve",
    "/adserver",
    "/adservice",
    "/adserving",
    "/adtag",
    "/adunit",
    "/advert/",
    "/advertise",
    "/advertisement",
    "/advertising",
    "/adview",
    "/analytics.js",
    "/analytics/",
    "/beacon/",
    "/bidder/",
    "/bidding/",
    "/collect?",
    "/conversion/",
    "/doubleclick/",
    "/floodlight/",
    "/gampad/",
    "/googleads",
    "/ima3.js",
    "/pagead/",
    "/prebid",
    "/programmatic/",
    "/promo-ad",
    "/promoted/",
    "/sponsored/",
    "/telemetry/",
    "/tracking/",
    "/vast/",
    "/vpaid/",
    "ad_break=",
    "ad_placement=",
    "ad_type=",
    "ad_unit=",
    "adid=",
    "adplacement=",
    "ads?",
    "adserver=",
    "adslot=",
    "affiliate_id=",
    "campaign_id=",
    "clickid=",
    "doubleclick",
    "fbclid=",
    "gclid=",
    "google_ads",
    "impression_id=",
    "marketing_id=",
    "midroll",
    "native_ad",
    "pagead",
    "pixel.gif",
    "promoted_by",
    "sponsored_by",
    "tracking_id=",
    "utm_campaign=",
    "utm_content=",
    "utm_medium=",
    "utm_source=",
    "yt_ad",
};
const usize kBlockedUrlTokenCount = sizeof(kBlockedUrlTokens) / sizeof(kBlockedUrlTokens[0]);

alignas(16) const unsigned char kUniversalScript[] = {
    0x6A, 0x61, 0x76, 0x61, 0x73, 0x63, 0x72, 0x69, 0x70, 0x74, 0x3A, 0x28, 0x28, 0x29, 0x20, 0x3D,
    0x3E, 0x20, 0x7B, 0x0A, 0x20, 0x20, 0x27, 0x75, 0x73, 0x65, 0x20, 0x73, 0x74, 0x72, 0x69, 0x63,
    0x74, 0x27, 0x3B, 0x0A, 0x20, 0x20, 0x63, 0x6F, 0x6E, 0x73, 0x74, 0x20, 0x4B, 0x45, 0x59, 0x20,
    0x3D, 0x20, 0x27, 0x5F, 0x5F, 0x67, 0x6F, 0x6F, 0x67, 0x6C, 0x65, 0x55, 0x69, 0x55, 0x6E, 0x69,
    0x76, 0x65, 0x72, 0x73, 0x61, 0x6C, 0x41, 0x64, 0x62, 0x6C, 0x6F, 0x63, 0x6B, 0x56, 0x39, 0x27,
    0x3B, 0x0A, 0x20, 0x20, 0x63, 0x6F, 0x6E, 0x73, 0x74, 0x20, 0x65, 0x78, 0x69, 0x73, 0x74, 0x69,
    0x6E, 0x67, 0x20, 0x3D, 0x20, 0x77, 0x69, 0x6E, 0x64, 0x6F, 0x77, 0x5B, 0x4B, 0x45, 0x59, 0x5D,
    0x3B, 0x0A, 0x20, 0x20, 0x69, 0x66, 0x20, 0x28, 0x65, 0x78, 0x69, 0x73, 0x74, 0x69, 0x6E, 0x67,
    0x20, 0x26, 0x26, 0x20, 0x65, 0x78, 0x69, 0x73, 0x74, 0x69, 0x6E, 0x67, 0x2E, 0x65, 0x6E, 0x61,
    0x62, 0x6C, 0x65, 0x64, 0x29, 0x20, 0x7B, 0x0A, 0x20, 0x20, 0x20, 0x20, 0x74, 0x72, 0x79, 0x20,
    0x7B, 0x20, 0x65, 0x78, 0x69, 0x73, 0x74, 0x69, 0x6E, 0x67, 0x2E, 0x73, 0x77, 0x65, 0x65, 0x70,
    0x28, 0x64, 0x6F, 0x63, 0x75, 0x6D, 0x65, 0x6E, 0x74, 0x29, 0x3B, 0x20, 0x7D, 0x20, 0x63, 0x61,
    0x74, 0x63, 0x68, 0x20, 0x28, 0x5F, 0x29, 0x20, 0x7B, 0x7D, 0x0A, 0x20, 0x20, 0x20, 0x20, 0x72,
    0x65, 0x74, 0x75, 0x72, 0x6E, 0x3B, 0x0A, 0x20, 0x20, 0x7D, 0x0A, 0x0A, 0x20, 0x20, 0x63, 0x6F,
    0x6E, 0x73, 0x74, 0x20, 0x62, 0x6C, 0x6F, 0x63, 0x6B, 0x65, 0x64, 0x48, 0x6F, 0x73, 0x74, 0x73,
    0x20, 0x3D, 0x20, 0x5B, 0x22, 0x31, 0x30, 0x31, 0x63, 0x6F, 0x6D, 0x2E, 0x63, 0x6F, 0x6D, 0x22,
    0x2C, 0x22, 0x31, 0x72, 0x78, 0x2E, 0x69, 0x6F, 0x22, 0x2C, 0x22, 0x32, 0x6D, 0x64, 0x6E, 0x2E,
    0x6E, 0x65, 0x74, 0x22, 0x2C, 0x22, 0x33, 0x33, 0x61, 0x63, 0x72, 0x6F, 0x73, 0x73, 0x2E, 0x63,
    0x6F, 0x6D, 0x22, 0x2C, 0x22, 0x33, 0x36, 0x30, 0x79, 0x69, 0x65, 0x6C, 0x64, 0x2E, 0x63, 0x6F,
    0x6D, 0x22, 0x2C, 0x22, 0x33, 0x6C, 0x69, 0x66, 0x74, 0x2E, 0x63, 0x6F, 0x6D, 0x22, 0x2C, 0x22,
    0x34, 0x64, 0x73, 0x70, 0x6C, 0x79, 0x2E, 0x63, 0x6F, 0x6D, 0x22, 0x2C, 0x22, 0x34, 0x69, 0x6E,
    0x66, 0x6F, 0x2E, 0x63, 0x6F, 0x6D, 0x22, 0x2C, 0x22, 0x34, 0x77, 0x6E, 0x65, 0x74, 0x2E, 0x63,
    0x6F, 0x6D, 0x22, 0x2C, 0x22, 0x36, 0x73, 0x63, 0x2E, 0x63, 0x6F, 0x22, 0x2C, 0x22, 0x61, 0x63,
    0x75, 0x69, 0x74, 0x79, 0x61, 0x64, 0x73, 0x2E, 0x63, 0x6F, 0x6D, 0x22, 0x2C, 0x22, 0x61, 0x64,
    0x2D, 0x64, 0x65, 0x6C, 0x69, 0x76, 0x65, 0x72, 0x79, 0x2E, 0x6E, 0x65, 0x74, 0x22, 0x2C, 0x22,
    0x61, 0x64, 0x2D, 0x73, 0x63, 0x6F, 0x72, 0x65, 0x2E, 0x63, 0x6F, 0x6D, 0x22, 0x2C, 0x22, 0x61,
    0x64, 0x2E, 0x67, 0x74, 0x22, 0x2C, 0x22, 0x61, 0x64, 0x2E, 0x73, 0x6D, 0x61, 0x61, 0x74, 0x6F,
    0x2E, 0x6E, 0x65, 0x74, 0x22, 0x2C, 0x22, 0x61, 0x64, 0x61, 0x63, 0x61, 0x64, 0x6F, 0x2E, 0x63,
    0x6F, 0x6D, 0x22, 0x2C, 0x22, 0x61, 0x64, 0x62, 0x6C, 0x61, 0x64, 0x65, 0x2E, 0x63, 0x6F, 0x6D,
    0x22, 0x2C, 0x22, 0x61, 0x64, 0x62, 0x75, 0x74, 0x6C, 0x65, 0x72, 0x2E, 0x63, 0x6F, 0x6D, 0x22,
    0x2C, 0x22, 0x61, 0x64, 0x63, 0x6F, 0x6C, 0x6F, 0x6E, 0x79, 0x2E, 0x63, 0x6F, 0x6D, 0x22, 0x2C,
    0x22, 0x61, 0x64, 0x64, 0x74, 0x68, 0x69, 0x73, 0x2E, 0x63, 0x6F, 0x6D, 0x22, 0x2C, 0x22, 0x61,
    0x64, 0x64, 0x74, 0x68, 0x69, 0x73, 0x65, 0x64, 0x67, 0x65, 0x2E, 0x63, 0x6F, 0x6D, 0x22, 0x2C,
    0x22, 0x61, 0x64, 0x66, 0x6F, 0x72, 0x6D, 0x2E, 0x63, 0x6F, 0x6D, 0x22, 0x2C, 0x22, 0x61, 0x64,
    0x66, 0x6F, 0x72, 0x6D, 0x2E, 0x6E, 0x65, 0x74, 0x22, 0x2C, 0x22, 0x61, 0x64, 0x66, 0x6F, 0x78,
    0x2E, 0x72, 0x75, 0x22, 0x2C, 0x22, 0x61, 0x64, 0x67, 0x72, 0x78, 0x2E, 0x63, 0x6F, 0x6D, 0x22,
    0x2C, 0x22, 0x61, 0x64, 0x68, 0x69, 0x67, 0x68, 0x2E, 0x6E, 0x65, 0x74, 0x22, 0x2C, 0x22, 0x61,
    0x64, 0x69, 0x74, 0x69, 0x6F, 0x6E, 0x2E, 0x63, 0x6F, 0x6D, 0x22, 0x2C, 0x22, 0x61, 0x64, 0x6B,
    0x65, 0x72, 0x6E, 0x65, 0x6C, 0x2E, 0x63, 0x6F, 0x6D, 0x22, 0x2C, 0x22, 0x61, 0x64, 0x6C, 0x6F,
    0x6F, 0x78, 0x74, 0x72, 0x61, 0x63, 0x6B, 0x69, 0x6E, 0x67, 0x2E, 0x63, 0x6F, 0x6D, 0x22, 0x2C,
    0x22, 0x61, 0x64, 0x6D, 0x61, 0x6E, 0x6D, 0x65, 0x64, 0x69, 0x61, 0x2E, 0x63, 0x6F, 0x6D, 0x22,
    0x2C, 0x22, 0x61, 0x64, 0x6D, 0x61, 0x6E, 0x74, 0x78, 0x2E, 0x63, 0x6F, 0x6D, 0x22, 0x2C, 0x22,
    0x61, 0x64, 0x6D, 0x61, 0x72, 0x6B, 0x65, 0x74, 0x70, 0x6C, 0x61, 0x63, 0x65, 0x2E, 0x6E, 0x65,
    0x74, 0x22, 0x2C, 0x22, 0x61, 0x64, 0x6D, 0x65, 0x64, 0x69, 0x61, 0x2E, 0x63, 0x6F, 0x6D, 0x22,
    0x2C, 0x22, 0x61, 0x64, 0x6D, 0x69, 0x78, 0x65, 0x72, 0x2E, 0x6E, 0x65, 0x74, 0x22, 0x2C, 0x22,
    0x61, 0x64, 0x6D, 0x6F, 0x62, 0x2E, 0x63, 0x6F, 0x6D, 0x22, 0x2C, 0x22, 0x61, 0x64, 0x6E, 0x78,
    0x73, 0x2E, 0x63, 0x6F, 0x6D, 0x22, 0x2C, 0x22, 0x61, 0x64, 0x6F, 0x74, 0x6D, 0x6F, 0x62, 0x2E,
    0x63, 0x6F, 0x6D, 0x22, 0x2C, 0x22, 0x61, 0x64, 0x70, 0x75, 0x73, 0x68, 0x75, 0x70, 0x2E, 0x63,
    0x6F, 0x6D, 0x22, 0x2C, 0x22, 0x61, 0x64, 0x72, 0x65, 0x61, 0x63, 0x74, 0x6F, 0x72, 0x2E, 0x63,
    0x6F, 0x6D, 0x22, 0x2C, 0x22, 0x61, 0x64, 0x72, 0x69, 0x76, 0x65, 0x72, 0x2E, 0x72, 0x75, 0x22,
    0x2C, 0x22, 0x61, 0x64, 0x73, 0x2D, 0x74, 0x77, 0x69, 0x74, 0x74, 0x65, 0x72, 0x2E, 0x63, 0x6F,
    0x6D, 0x22, 0x2C, 0x22, 0x61, 0x64, 0x73, 0x2E, 0x6C, 0x69, 0x6E, 0x6B, 0x65, 0x64, 0x69, 0x6E,
    0x2E, 0x63, 0x6F, 0x6D, 0x22, 0x2C, 0x22, 0x61, 0x64, 0x73, 0x61, 0x66, 0x65, 0x70, 0x72, 0x6F,
    0x74, 0x65, 0x63, 0x74, 0x65, 0x64, 0x2E, 0x63, 0x6F, 0x6D, 0x22, 0x2C, 0x22, 0x61, 0x64, 0x73,
    0x72, 0x76, 0x72, 0x2E, 0x6F, 0x72, 0x67, 0x22, 0x2C, 0x22, 0x61, 0x64, 0x73, 0x74, 0x61, 0x67,
    0x65, 0x2E, 0x69, 0x6F, 0x22, 0x2C, 0x22, 0x61, 0x64, 0x73, 0x74, 0x65, 0x72, 0x72, 0x61, 0x2E,
    0x63, 0x6F, 0x6D, 0x22, 0x2C, 0x22, 0x61, 0x64, 0x73, 0x77, 0x69, 0x7A, 0x7A, 0x2E, 0x63, 0x6F,
    0x6D, 0x22, 0x2C, 0x22, 0x61, 0x64, 0x74, 0x65, 0x6C, 0x6C, 0x69, 0x67, 0x65, 0x6E, 0x74, 0x2E,
    0x63, 0x6F, 0x6D, 0x22, 0x2C, 0x22, 0x61, 0x64, 0x74, 0x68, 0x72, 0x69, 0x76, 0x65, 0x2E, 0x63,
    0x6F, 0x6D, 0x22, 0x2C, 0x22, 0x61, 0x64, 0x74, 0x72, 0x75, 0x65, 0x2E, 0x63, 0x6F, 0x6D, 0x22,
    0x2C, 0x22, 0x61, 0x64, 0x75, 0x70, 0x2D, 0x74, 0x65, 0x63, 0x68, 0x2E, 0x63, 0x6F, 0x6D, 0x22,
    0x2C, 0x22, 0x61, 0x64, 0x76, 0x65, 0x72, 0x6C, 0x69, 0x6E, 0x65, 0x2E, 0x63, 0x6F, 0x6D, 0x22,
    0x2C, 0x22, 0x61, 0x64, 0x76, 0x65, 0x72, 0x74, 0x69, 0x73, 0x69, 0x6E, 0x67, 0x2E, 0x63, 0x6F,
    0x6D, 0x22, 0x2C, 0x22, 0x61, 0x64, 0x76, 0x65, 0x72, 0x74, 0x69, 0x73, 0x69, 0x6E, 0x67, 0x2E,
    0x6D, 0x69, 0x63, 0x72, 0x6F, 0x73, 0x6F, 0x66, 0x74, 0x2E, 0x63, 0x6F, 0x6D, 0x22, 0x2C, 0x22,
    0x61, 0x64, 0x76, 0x65, 0x72, 0x74, 0x69, 0x73, 0x69, 0x6E, 0x67, 0x2E, 0x79, 0x61, 0x68, 0x6F,
    0x6F, 0x2E, 0x63, 0x6F, 0x6D, 0x22, 0x2C, 0x22, 0x61, 0x64, 0x7A, 0x65, 0x72, 0x6B, 0x2E, 0x6E,
    0x65, 0x74, 0x22, 0x2C, 0x22, 0x61, 0x66, 0x66, 0x65, 0x63, 0x2E, 0x74, 0x76, 0x22, 0x2C, 0x22,
    0x61, 0x66, 0x66, 0x69, 0x6E, 0x69, 0x74, 0x79, 0x2E, 0x63, 0x6F, 0x6D, 0x22, 0x2C, 0x22, 0x61,
    0x6C, 0x65, 0x78, 0x61, 0x6D, 0x65, 0x74, 0x72, 0x69, 0x63, 0x73, 0x2E, 0x63, 0x6F, 0x6D, 0x22,
    0x2C, 0x22, 0x61, 0x6D, 0x61, 0x7A, 0x6F, 0x6E, 0x2D, 0x61, 0x64, 0x73, 0x79, 0x73, 0x74, 0x65,
    0x6D, 0x2E, 0x63, 0x6F, 0x6D, 0x22, 0x2C, 0x22, 0x61, 0x6D, 0x70, 0x6C, 0x69, 0x74, 0x75, 0x64,
    0x65, 0x2E, 0x63, 0x6F, 0x6D, 0x22, 0x2C, 0x22, 0x61, 0x6E, 0x69, 0x76, 0x69, 0x65, 0x77, 0x2E,
    0x63, 0x6F, 0x6D, 0x22, 0x2C, 0x22, 0x61, 0x70, 0x70, 0x69, 0x65, 0x72, 0x2E, 0x6E, 0x65, 0x74,
    0x22, 0x2C, 0x22, 0x61, 0x70, 0x70, 0x6D, 0x65, 0x74, 0x72, 0x69, 0x63, 0x61, 0x2E, 0x79, 0x61,
    0x6E, 0x64, 0x65, 0x78, 0x2E, 0x63, 0x6F, 0x6D, 0x22, 0x2C, 0x22, 0x61, 0x70, 0x70, 0x6E, 0x65,
    0x78, 0x75, 0x73, 0x2E, 0x63, 0x6F, 0x6D, 0x22, 0x2C, 0x22, 0x61, 0x70, 0x70, 0x73, 0x66, 0x6C,
    0x79, 0x65, 0x72, 0x2E, 0x63, 0x6F, 0x6D, 0x22, 0x2C, 0x22, 0x61, 0x72, 0x61, 0x6C, 0x65, 0x67,
    0x6F, 0x2E, 0x63, 0x6F, 0x6D, 0x22, 0x2C, 0x22, 0x61, 0x74, 0x64, 0x6D, 0x74, 0x2E, 0x63, 0x6F,
    0x6D, 0x22, 0x2C, 0x22, 0x61, 0x74, 0x77, 0x6F, 0x6C, 0x61, 0x2E, 0x63, 0x6F, 0x6D, 0x22, 0x2C,
    0x22, 0x62, 0x61, 0x6E, 0x6E, 0x65, 0x72, 0x73, 0x6E, 0x61, 0x63, 0x6B, 0x2E, 0x63, 0x6F, 0x6D,
    0x22, 0x2C, 0x22, 0x62, 0x65, 0x61, 0x63, 0x6F, 0x6E, 0x2E, 0x6B, 0x72, 0x78, 0x64, 0x2E, 0x6E,
    0x65, 0x74, 0x22, 0x2C, 0x22, 0x62, 0x65, 0x74, 0x77, 0x65, 0x65, 0x6E, 0x64, 0x69, 0x67, 0x69,
    0x74, 0x61, 0x6C, 0x2E, 0x63, 0x6F, 0x6D, 0x22, 0x2C, 0x22, 0x62, 0x69, 0x64, 0x72, 0x2E, 0x69,
    0x6F, 0x22, 0x2C, 0x22, 0x62, 0x69, 0x64, 0x73, 0x77, 0x69, 0x74, 0x63, 0x68, 0x2E, 0x6E, 0x65,
    0x74, 0x22, 0x2C, 0x22, 0x62, 0x69, 0x64, 0x74, 0x68, 0x65, 0x61, 0x74, 0x72, 0x65, 0x2E, 0x63,
    0x6F, 0x6D, 0x22, 0x2C, 0x22, 0x62, 0x6C, 0x75, 0x65, 0x6B, 0x61, 0x69, 0x2E, 0x63, 0x6F, 0x6D,
    0x22, 0x2C, 0x22, 0x62, 0x6F, 0x75, 0x6E, 0x63, 0x65, 0x65, 0x78, 0x63, 0x68, 0x61, 0x6E, 0x67,
    0x65, 0x2E, 0x63, 0x6F, 0x6D, 0x22, 0x2C, 0x22, 0x62, 0x72, 0x61, 0x6E, 0x63, 0x68, 0x2E, 0x69,
    0x6F, 0x22, 0x2C, 0x22, 0x62, 0x74, 0x6C, 0x6F, 0x61, 0x64, 0x65, 0x72, 0x2E, 0x63, 0x6F, 0x6D,
    0x22, 0x2C, 0x22, 0x63, 0x61, 0x73, 0x61, 0x6C, 0x65, 0x6D, 0x65, 0x64, 0x69, 0x61, 0x2E, 0x63,
    0x6F, 0x6D, 0x22, 0x2C, 0x22, 0x63, 0x68, 0x61, 0x72, 0x74, 0x62, 0x65, 0x61, 0x74, 0x2E, 0x63,
    0x6F, 0x6D, 0x22, 0x2C, 0x22, 0x63, 0x68, 0x61, 0x72, 0x74, 0x62, 0x65, 0x61, 0x74, 0x2E, 0x6E,
    0x65, 0x74, 0x22, 0x2C, 0x22, 0x63, 0x6C, 0x61, 0x72, 0x69, 0x74, 0x79, 0x2E, 0x6D, 0x73, 0x22,
    0x2C, 0x22, 0x63, 0x6C, 0x69, 0x63, 0x6B, 0x61, 0x67, 0x79, 0x2E, 0x63, 0x6F, 0x6D, 0x22, 0x2C,
    0x22, 0x63, 0x6C, 0x69, 0x63, 0x6B, 0x74, 0x61, 0x6C, 0x65, 0x2E, 0x6E, 0x65, 0x74, 0x22, 0x2C,
    0x22, 0x63, 0x6C, 0x6F, 0x75, 0x64, 0x66, 0x72, 0x6F, 0x6E, 0x74, 0x2D, 0x6C, 0x61, 0x62, 0x73,
    0x2E, 0x61, 0x6D, 0x61, 0x7A, 0x6F, 0x6E, 0x61, 0x77, 0x73, 0x2E, 0x63, 0x6F, 0x6D, 0x22, 0x2C,
    0x22, 0x63, 0x6F, 0x6F, 0x74, 0x6C, 0x6F, 0x67, 0x69, 0x78, 0x2E, 0x63, 0x6F, 0x6D, 0x22, 0x2C,
    0x22, 0x63, 0x72, 0x69, 0x74, 0x65, 0x6F, 0x2E, 0x63, 0x6F, 0x6D, 0x22, 0x2C, 0x22, 0x63, 0x72,
    0x69, 0x74, 0x65, 0x6F, 0x2E, 0x6E, 0x65, 0x74, 0x22, 0x2C, 0x22, 0x63, 0x72, 0x77, 0x64, 0x63,
    0x6E, 0x74, 0x72, 0x6C, 0x2E, 0x6E, 0x65, 0x74, 0x22, 0x2C, 0x22, 0x64, 0x61, 0x74, 0x61, 0x64,
    0x6F, 0x6D, 0x65, 0x2E, 0x63, 0x6F, 0x22, 0x2C, 0x22, 0x64, 0x65, 0x6D, 0x64, 0x65, 0x78, 0x2E,
    0x6E, 0x65, 0x74, 0x22, 0x2C, 0x22, 0x64, 0x69, 0x61, 0x6E, 0x6F, 0x6D, 0x69, 0x2E, 0x63, 0x6F,
    0x6D, 0x22, 0x2C, 0x22, 0x64, 0x6F, 0x75, 0x62, 0x6C, 0x65, 0x63, 0x6C, 0x69, 0x63, 0x6B, 0x2E,
    0x6E, 0x65, 0x74, 0x22, 0x2C, 0x22, 0x64, 0x6F, 0x75, 0x62, 0x6C, 0x65, 0x76, 0x65, 0x72, 0x69,
    0x66, 0x79, 0x2E, 0x63, 0x6F, 0x6D, 0x22, 0x2C, 0x22, 0x64, 0x79, 0x6E, 0x61, 0x74, 0x72, 0x61,
    0x63, 0x65, 0x2E, 0x63, 0x6F, 0x6D, 0x22, 0x2C, 0x22, 0x65, 0x2D, 0x70, 0x6C, 0x61, 0x6E, 0x6E,
    0x69, 0x6E, 0x67, 0x2E, 0x6E, 0x65, 0x74, 0x22, 0x2C, 0x22, 0x65, 0x6E, 0x67, 0x61, 0x67, 0x65,
    0x62, 0x64, 0x72, 0x2E, 0x63, 0x6F, 0x6D, 0x22, 0x2C, 0x22, 0x65, 0x76, 0x65, 0x72, 0x65, 0x73,
    0x74, 0x74, 0x65, 0x63, 0x68, 0x2E, 0x6E, 0x65, 0x74, 0x22, 0x2C, 0x22, 0x65, 0x78, 0x65, 0x6C,
    0x61, 0x74, 0x6F, 0x72, 0x2E, 0x63, 0x6F, 0x6D, 0x22, 0x2C, 0x22, 0x65, 0x78, 0x6F, 0x63, 0x6C,
    0x69, 0x63, 0x6B, 0x2E, 0x63, 0x6F, 0x6D, 0x22, 0x2C, 0x22, 0x65, 0x79, 0x65, 0x6F, 0x74, 0x61,
    0x2E, 0x6E, 0x65, 0x74, 0x22, 0x2C, 0x22, 0x66, 0x61, 0x63, 0x65, 0x62, 0x6F, 0x6F, 0x6B, 0x2E,
    0x63, 0x6F, 0x6D, 0x2F, 0x61, 0x64, 0x73, 0x2F, 0x22, 0x2C, 0x22, 0x66, 0x61, 0x63, 0x65, 0x62,
    0x6F, 0x6F, 0x6B, 0x2E, 0x63, 0x6F, 0x6D, 0x2F, 0x61, 0x64, 0x76, 0x65, 0x72, 0x74, 0x69, 0x73,
    0x69, 0x6E, 0x67, 0x2F, 0x22, 0x2C, 0x22, 0x66, 0x61, 0x63, 0x65, 0x62, 0x6F, 0x6F, 0x6B, 0x2E,
    0x6E, 0x65, 0x74, 0x22, 0x2C, 0x22, 0x66, 0x61, 0x73, 0x74, 0x63, 0x6C, 0x69, 0x63, 0x6B, 0x2E,
    0x6E, 0x65, 0x74, 0x22, 0x2C, 0x22, 0x66, 0x6C, 0x61, 0x73, 0x68, 0x74, 0x61, 0x6C, 0x6B, 0x69,
    0x6E, 0x67, 0x2E, 0x63, 0x6F, 0x6D, 0x22, 0x2C, 0x22, 0x66, 0x6C, 0x6F, 0x6F, 0x64, 0x6C, 0x69,
    0x67, 0x68, 0x74, 0x2E, 0x63, 0x6F, 0x6D, 0x22, 0x2C, 0x22, 0x66, 0x6C, 0x75, 0x72, 0x72, 0x79,
    0x2E, 0x63, 0x6F, 0x6D, 0x22, 0x2C, 0x22, 0x66, 0x77, 0x6D, 0x72, 0x6D, 0x2E, 0x6E, 0x65, 0x74,
    0x22, 0x2C, 0x22, 0x67, 0x65, 0x6D, 0x69, 0x75, 0x73, 0x2E, 0x70, 0x6C, 0x22, 0x2C, 0x22, 0x67,
    0x65, 0x74, 0x61, 0x64, 0x6D, 0x69, 0x72, 0x61, 0x6C, 0x2E, 0x63, 0x6F, 0x6D, 0x22, 0x2C, 0x22,
    0x67, 0x6F, 0x6F, 0x67, 0x6C, 0x65, 0x2D, 0x61, 0x6E, 0x61, 0x6C, 0x79, 0x74, 0x69, 0x63, 0x73,
    0x2E, 0x63, 0x6F, 0x6D, 0x22, 0x2C, 0x22, 0x67, 0x6F, 0x6F, 0x67, 0x6C, 0x65, 0x61, 0x64, 0x73,
    0x65, 0x72, 0x76, 0x69, 0x63, 0x65, 0x73, 0x2E, 0x63, 0x6F, 0x6D, 0x22, 0x2C, 0x22, 0x67, 0x6F,
    0x6F, 0x67, 0x6C, 0x65, 0x61, 0x64, 0x73, 0x73, 0x65, 0x72, 0x76, 0x69, 0x6E, 0x67, 0x2E, 0x63,
    0x6E, 0x22, 0x2C, 0x22, 0x67, 0x6F, 0x6F, 0x67, 0x6C, 0x65, 0x73, 0x79, 0x6E, 0x64, 0x69, 0x63,
    0x61, 0x74, 0x69, 0x6F, 0x6E, 0x2E, 0x63, 0x6F, 0x6D, 0x22, 0x2C, 0x22, 0x67, 0x6F, 0x6F, 0x67,
    0x6C, 0x65, 0x74, 0x61, 0x67, 0x6D, 0x61, 0x6E, 0x61, 0x67, 0x65, 0x72, 0x2E, 0x63, 0x6F, 0x6D,
    0x22, 0x2C, 0x22, 0x67, 0x6F, 0x6F, 0x67, 0x6C, 0x65, 0x74, 0x61, 0x67, 0x73, 0x65, 0x72, 0x76,
    0x69, 0x63, 0x65, 0x73, 0x2E, 0x63, 0x6F, 0x6D, 0x22, 0x2C, 0x22, 0x67, 0x75, 0x6D, 0x67, 0x75,
    0x6D, 0x2E, 0x63, 0x6F, 0x6D, 0x22, 0x2C, 0x22, 0x68, 0x65, 0x61, 0x70, 0x61, 0x6E, 0x61, 0x6C,
    0x79, 0x74, 0x69, 0x63, 0x73, 0x2E, 0x63, 0x6F, 0x6D, 0x22, 0x2C, 0x22, 0x68, 0x6F, 0x74, 0x6A,
    0x61, 0x72, 0x2E, 0x63, 0x6F, 0x6D, 0x22, 0x2C, 0x22, 0x68, 0x6F, 0x74, 0x6A, 0x61, 0x72, 0x2E,
    0x69, 0x6F, 0x22, 0x2C, 0x22, 0x69, 0x6D, 0x61, 0x73, 0x64, 0x6B, 0x2E, 0x67, 0x6F, 0x6F, 0x67,
    0x6C, 0x65, 0x61, 0x70, 0x69, 0x73, 0x2E, 0x63, 0x6F, 0x6D, 0x22, 0x2C, 0x22, 0x69, 0x6D, 0x72,
    0x77, 0x6F, 0x72, 0x6C, 0x64, 0x77, 0x69, 0x64, 0x65, 0x2E, 0x63, 0x6F, 0x6D, 0x22, 0x2C, 0x22,
    0x69, 0x6E, 0x6D, 0x6F, 0x62, 0x69, 0x2E, 0x63, 0x6F, 0x6D, 0x22, 0x2C, 0x22, 0x69, 0x6E, 0x6E,
    0x6F, 0x76, 0x69, 0x64, 0x2E, 0x63, 0x6F, 0x6D, 0x22, 0x2C, 0x22, 0x69, 0x6E, 0x73, 0x69, 0x67,
    0x68, 0x74, 0x65, 0x78, 0x70, 0x72, 0x65, 0x73, 0x73, 0x61, 0x69, 0x2E, 0x63, 0x6F, 0x6D, 0x22,
    0x2C, 0x22, 0x69, 0x6E, 0x73, 0x74, 0x61, 0x67, 0x72, 0x61, 0x6D, 0x2E, 0x63, 0x6F, 0x6D, 0x2F,
    0x74, 0x72, 0x61, 0x63, 0x6B, 0x69, 0x6E, 0x67, 0x22, 0x2C, 0x22, 0x69, 0x6E, 0x74, 0x65, 0x6E,
    0x74, 0x69, 0x71, 0x2E, 0x63, 0x6F, 0x6D, 0x22, 0x2C, 0x22, 0x69, 0x6E, 0x74, 0x65, 0x72, 0x67,
    0x69, 0x65, 0x6E, 0x74, 0x2E, 0x63, 0x6F, 0x6D, 0x22, 0x2C, 0x22, 0x69, 0x70, 0x72, 0x65, 0x64,
    0x69, 0x63, 0x74, 0x69, 0x76, 0x65, 0x2E, 0x63, 0x6F, 0x6D, 0x22, 0x2C, 0x22, 0x6A, 0x69, 0x76,
    0x6F, 0x78, 0x2E, 0x63, 0x6F, 0x6D, 0x22, 0x2C, 0x22, 0x6A, 0x73, 0x64, 0x65, 0x6C, 0x69, 0x76,
    0x72, 0x2E, 0x6E, 0x65, 0x74, 0x2F, 0x67, 0x68, 0x2F, 0x70, 0x72, 0x65, 0x62, 0x69, 0x64, 0x22,
    0x2C, 0x22, 0x6A, 0x75, 0x73, 0x74, 0x70, 0x72, 0x65, 0x6D, 0x69, 0x75, 0x6D, 0x2E, 0x63, 0x6F,
    0x6D, 0x22, 0x2C, 0x22, 0x6B, 0x61, 0x72, 0x67, 0x6F, 0x2E, 0x63, 0x6F, 0x6D, 0x22, 0x2C, 0x22,
    0x6B, 0x6F, 0x63, 0x68, 0x61, 0x76, 0x61, 0x2E, 0x63, 0x6F, 0x6D, 0x22, 0x2C, 0x22, 0x6B, 0x72,
    0x78, 0x64, 0x2E, 0x6E, 0x65, 0x74, 0x22, 0x2C, 0x22, 0x6C, 0x69, 0x6A, 0x69, 0x74, 0x2E, 0x63,
    0x6F, 0x6D, 0x22, 0x2C, 0x22, 0x6C, 0x69, 0x6E, 0x6B, 0x65, 0x64, 0x69, 0x6E, 0x2E, 0x63, 0x6F,
    0x6D, 0x2F, 0x69, 0x6E, 0x73, 0x69, 0x67, 0x68, 0x74, 0x22, 0x2C, 0x22, 0x6C, 0x69, 0x76, 0x65,
    0x69, 0x6E, 0x74, 0x65, 0x6E, 0x74, 0x2E, 0x63, 0x6F, 0x6D, 0x22, 0x2C, 0x22, 0x6C, 0x6B, 0x71,
    0x64, 0x2E, 0x6E, 0x65, 0x74, 0x22, 0x2C, 0x22, 0x6C, 0x6F, 0x6F, 0x70, 0x6D, 0x65, 0x2E, 0x6D,
    0x65, 0x22, 0x2C, 0x22, 0x6C, 0x6F, 0x74, 0x61, 0x6D, 0x65, 0x2E, 0x63, 0x6F, 0x6D, 0x22, 0x2C,
    0x22, 0x6D, 0x61, 0x74, 0x68, 0x74, 0x61, 0x67, 0x2E, 0x63, 0x6F, 0x6D, 0x22, 0x2C, 0x22, 0x6D,
    0x65, 0x64, 0x69, 0x61, 0x2E, 0x6E, 0x65, 0x74, 0x22, 0x2C, 0x22, 0x6D, 0x65, 0x64, 0x69, 0x61,
    0x6D, 0x61, 0x74, 0x68, 0x2E, 0x63, 0x6F, 0x6D, 0x22, 0x2C, 0x22, 0x6D, 0x65, 0x64, 0x69, 0x61,
    0x76, 0x69, 0x6E, 0x65, 0x2E, 0x63, 0x6F, 0x6D, 0x22, 0x2C, 0x22, 0x6D, 0x65, 0x74, 0x72, 0x69,
    0x6B, 0x61, 0x2E, 0x79, 0x61, 0x6E, 0x64, 0x65, 0x78, 0x2E, 0x72, 0x75, 0x22, 0x2C, 0x22, 0x6D,
    0x67, 0x69, 0x64, 0x2E, 0x63, 0x6F, 0x6D, 0x22, 0x2C, 0x22, 0x6D, 0x69, 0x78, 0x70, 0x61, 0x6E,
    0x65, 0x6C, 0x2E, 0x63, 0x6F, 0x6D, 0x22, 0x2C, 0x22, 0x6D, 0x6F, 0x61, 0x74, 0x61, 0x64, 0x73,
    0x2E, 0x63, 0x6F, 0x6D, 0x22, 0x2C, 0x22, 0x6D, 0x6F, 0x6F, 0x6B, 0x69, 0x65, 0x31, 0x2E, 0x63,
    0x6F, 0x6D, 0x22, 0x2C, 0x22, 0x6D, 0x79, 0x76, 0x69, 0x73, 0x75, 0x61, 0x6C, 0x69, 0x71, 0x2E,
    0x6E, 0x65, 0x74, 0x22, 0x2C, 0x22, 0x6E, 0x61, 0x72, 0x72, 0x61, 0x74, 0x69, 0x76, 0x65, 0x2E,
    0x69, 0x6F, 0x22, 0x2C, 0x22, 0x6E, 0x61, 0x74, 0x69, 0x76, 0x65, 0x61, 0x64, 0x73, 0x2E, 0x63,
    0x6F, 0x6D, 0x22, 0x2C, 0x22, 0x6E, 0x61, 0x74, 0x69, 0x76, 0x6F, 0x2E, 0x63, 0x6F, 0x6D, 0x22,
    0x2C, 0x22, 0x6E, 0x65, 0x77, 0x72, 0x65, 0x6C, 0x69, 0x63, 0x2E, 0x63, 0x6F, 0x6D, 0x22, 0x2C,
    0x22, 0x6E, 0x65, 0x78, 0x74, 0x6D, 0x69, 0x6C, 0x6C, 0x65, 0x6E, 0x6E, 0x69, 0x75, 0x6D, 0x2E,
    0x69, 0x6F, 0x22, 0x2C, 0x22, 0x6E, 0x69, 0x65, 0x6C, 0x73, 0x65, 0x6E, 0x2D, 0x6F, 0x6E, 0x6C,
    0x69, 0x6E, 0x65, 0x2E, 0x63, 0x6F, 0x6D, 0x22, 0x2C, 0x22, 0x6E, 0x69, 0x65, 0x6C, 0x73, 0x65,
    0x6E, 0x2E, 0x63, 0x6F, 0x6D, 0x22, 0x2C, 0x22, 0x6E, 0x72, 0x2D, 0x64, 0x61, 0x74, 0x61, 0x2E,
    0x6E, 0x65, 0x74, 0x22, 0x2C, 0x22, 0x6F, 0x6D, 0x61, 0x70, 0x70, 0x61, 0x70, 0x69, 0x2E, 0x63,
    0x6F, 0x6D, 0x22, 0x2C, 0x22, 0x6F, 0x6D, 0x74, 0x72, 0x64, 0x63, 0x2E, 0x6E, 0x65, 0x74, 0x22,
    0x2C, 0x22, 0x6F, 0x6E, 0x65, 0x73, 0x69, 0x67, 0x6E, 0x61, 0x6C, 0x2E, 0x63, 0x6F, 0x6D, 0x22,
    0x2C, 0x22, 0x6F, 0x70, 0x65, 0x6E, 0x78, 0x2E, 0x6E, 0x65, 0x74, 0x22, 0x2C, 0x22, 0x6F, 0x70,
    0x65, 0x72, 0x61, 0x2E, 0x63, 0x6F, 0x6D, 0x2F, 0x61, 0x64, 0x73, 0x22, 0x2C, 0x22, 0x6F, 0x70,
    0x74, 0x69, 0x6D, 0x61, 0x74, 0x69, 0x63, 0x2E, 0x63, 0x6F, 0x6D, 0x22, 0x2C, 0x22, 0x6F, 0x75,
    0x74, 0x62, 0x72, 0x61, 0x69, 0x6E, 0x2E, 0x63, 0x6F, 0x6D, 0x22, 0x2C, 0x22, 0x70, 0x61, 0x72,
    0x73, 0x65, 0x6C, 0x79, 0x2E, 0x63, 0x6F, 0x6D, 0x22, 0x2C, 0x22, 0x70, 0x65, 0x72, 0x66, 0x65,
    0x63, 0x74, 0x61, 0x75, 0x64, 0x69, 0x65, 0x6E, 0x63, 0x65, 0x2E, 0x63, 0x6F, 0x6D, 0x22, 0x2C,
    0x22, 0x70, 0x65, 0x72, 0x6D, 0x75, 0x74, 0x69, 0x76, 0x65, 0x2E, 0x63, 0x6F, 0x6D, 0x22, 0x2C,
    0x22, 0x70, 0x69, 0x61, 0x6E, 0x6F, 0x2E, 0x69, 0x6F, 0x22, 0x2C, 0x22, 0x70, 0x69, 0x78, 0x65,
    0x6C, 0x2E, 0x71, 0x75, 0x61, 0x6E, 0x74, 0x73, 0x65, 0x72, 0x76, 0x65, 0x2E, 0x63, 0x6F, 0x6D,
    0x22, 0x2C, 0x22, 0x70, 0x6C, 0x61, 0x74, 0x66, 0x6F, 0x72, 0x6D, 0x2E, 0x74, 0x77, 0x69, 0x74,
    0x74, 0x65, 0x72, 0x2E, 0x63, 0x6F, 0x6D, 0x2F, 0x6F, 0x63, 0x74, 0x2E, 0x6A, 0x73, 0x22, 0x2C,
    0x22, 0x70, 0x6F, 0x73, 0x74, 0x72, 0x65, 0x6C, 0x65, 0x61, 0x73, 0x65, 0x2E, 0x63, 0x6F, 0x6D,
    0x22, 0x2C, 0x22, 0x70, 0x72, 0x65, 0x62, 0x69, 0x64, 0x2E, 0x6F, 0x72, 0x67, 0x22, 0x2C, 0x22,
    0x70, 0x75, 0x62, 0x6D, 0x61, 0x74, 0x69, 0x63, 0x2E, 0x63, 0x6F, 0x6D, 0x22, 0x2C, 0x22, 0x71,
    0x75, 0x61, 0x6E, 0x74, 0x63, 0x61, 0x73, 0x74, 0x2E, 0x63, 0x6F, 0x6D, 0x22, 0x2C, 0x22, 0x71,
    0x75, 0x61, 0x6E, 0x74, 0x73, 0x65, 0x72, 0x76, 0x65, 0x2E, 0x63, 0x6F, 0x6D, 0x22, 0x2C, 0x22,
    0x72, 0x65, 0x76, 0x63, 0x6F, 0x6E, 0x74, 0x65, 0x6E, 0x74, 0x2E, 0x63, 0x6F, 0x6D, 0x22, 0x2C,
    0x22, 0x72, 0x66, 0x69, 0x68, 0x75, 0x62, 0x2E, 0x63, 0x6F, 0x6D, 0x22, 0x2C, 0x22, 0x72, 0x6C,
    0x63, 0x64, 0x6E, 0x2E, 0x63, 0x6F, 0x6D, 0x22, 0x2C, 0x22, 0x72, 0x75, 0x62, 0x69, 0x63, 0x6F,
    0x6E, 0x70, 0x72, 0x6F, 0x6A, 0x65, 0x63, 0x74, 0x2E, 0x63, 0x6F, 0x6D, 0x22, 0x2C, 0x22, 0x73,
    0x61, 0x6D, 0x62, 0x61, 0x2E, 0x74, 0x76, 0x22, 0x2C, 0x22, 0x73, 0x63, 0x6F, 0x72, 0x65, 0x63,
    0x61, 0x72, 0x64, 0x72, 0x65, 0x73, 0x65, 0x61, 0x72, 0x63, 0x68, 0x2E, 0x63, 0x6F, 0x6D, 0x22,
    0x2C, 0x22, 0x73, 0x65, 0x67, 0x6D, 0x65, 0x6E, 0x74, 0x2E, 0x63, 0x6F, 0x6D, 0x22, 0x2C, 0x22,
    0x73, 0x65, 0x67, 0x6D, 0x65, 0x6E, 0x74, 0x2E, 0x69, 0x6F, 0x22, 0x2C, 0x22, 0x73, 0x65, 0x6B,
    0x69, 0x6E, 0x64, 0x6F, 0x2E, 0x63, 0x6F, 0x6D, 0x22, 0x2C, 0x22, 0x73, 0x68, 0x61, 0x72, 0x65,
    0x74, 0x68, 0x72, 0x6F, 0x75, 0x67, 0x68, 0x2E, 0x63, 0x6F, 0x6D, 0x22, 0x2C, 0x22, 0x73, 0x69,
    0x66, 0x74, 0x73, 0x63, 0x69, 0x65, 0x6E, 0x63, 0x65, 0x2E, 0x63, 0x6F, 0x6D, 0x22, 0x2C, 0x22,
    0x73, 0x69, 0x6D, 0x70, 0x6C, 0x69, 0x2E, 0x66, 0x69, 0x22, 0x2C, 0x22, 0x73, 0x69, 0x74, 0x65,
    0x73, 0x63, 0x6F, 0x75, 0x74, 0x2E, 0x63, 0x6F, 0x6D, 0x22, 0x2C, 0x22, 0x73, 0x6D, 0x61, 0x61,
    0x74, 0x6F, 0x2E, 0x63, 0x6F, 0x6D, 0x22, 0x2C, 0x22, 0x73, 0x6D, 0x61, 0x72, 0x74, 0x61, 0x64,
    0x73, 0x65, 0x72, 0x76, 0x65, 0x72, 0x2E, 0x63, 0x6F, 0x6D, 0x22, 0x2C, 0x22, 0x73, 0x6D, 0x61,
    0x72, 0x74, 0x63, 0x6C, 0x69, 0x70, 0x2E, 0x6E, 0x65, 0x74, 0x22, 0x2C, 0x22, 0x73, 0x6E, 0x61,
    0x70, 0x2E, 0x6C, 0x69, 0x63, 0x64, 0x6E, 0x2E, 0x63, 0x6F, 0x6D, 0x22, 0x2C, 0x22, 0x73, 0x6E,
    0x61, 0x70, 0x61, 0x64, 0x73, 0x2E, 0x63, 0x6F, 0x6D, 0x22, 0x2C, 0x22, 0x73, 0x6F, 0x6E, 0x6F,
    0x62, 0x69, 0x2E, 0x63, 0x6F, 0x6D, 0x22, 0x2C, 0x22, 0x73, 0x70, 0x6F, 0x74, 0x2E, 0x69, 0x6D,
    0x22, 0x2C, 0x22, 0x73, 0x70, 0x6F, 0x74, 0x78, 0x2E, 0x74, 0x76, 0x22, 0x2C, 0x22, 0x73, 0x70,
    0x6F, 0x74, 0x78, 0x63, 0x68, 0x61, 0x6E, 0x67, 0x65, 0x2E, 0x63, 0x6F, 0x6D, 0x22, 0x2C, 0x22,
    0x73, 0x74, 0x61, 0x63, 0x6B, 0x61, 0x64, 0x61, 0x70, 0x74, 0x2E, 0x63, 0x6F, 0x6D, 0x22, 0x2C,
    0x22, 0x73, 0x74, 0x69, 0x63, 0x6B, 0x79, 0x61, 0x64, 0x73, 0x74, 0x76, 0x2E, 0x63, 0x6F, 0x6D,
    0x22, 0x2C, 0x22, 0x74, 0x61, 0x62, 0x6F, 0x6F, 0x6C, 0x61, 0x2E, 0x63, 0x6F, 0x6D, 0x22, 0x2C,
    0x22, 0x74, 0x61, 0x70, 0x61, 0x64, 0x2E, 0x63, 0x6F, 0x6D, 0x22, 0x2C, 0x22, 0x74, 0x61, 0x70,
    0x6A, 0x6F, 0x79, 0x2E, 0x63, 0x6F, 0x6D, 0x22, 0x2C, 0x22, 0x74, 0x65, 0x61, 0x64, 0x73, 0x2E,
    0x74, 0x76, 0x22, 0x2C, 0x22, 0x74, 0x68, 0x65, 0x62, 0x72, 0x69, 0x67, 0x68, 0x74, 0x74, 0x61,
    0x67, 0x2E, 0x63, 0x6F, 0x6D, 0x22, 0x2C, 0x22, 0x74, 0x68, 0x65, 0x74, 0x72, 0x61, 0x64, 0x65,
    0x64, 0x65, 0x73, 0x6B, 0x2E, 0x63, 0x6F, 0x6D, 0x22, 0x2C, 0x22, 0x74, 0x69, 0x6B, 0x74, 0x6F,
    0x6B, 0x2E, 0x63, 0x6F, 0x6D, 0x2F, 0x69, 0x31, 0x38, 0x6E, 0x2F, 0x70, 0x69, 0x78, 0x65, 0x6C,
    0x22, 0x2C, 0x22, 0x74, 0x69, 0x6B, 0x74, 0x6F, 0x6B, 0x63, 0x64, 0x6E, 0x2E, 0x63, 0x6F, 0x6D,
    0x2F, 0x6D, 0x61, 0x72, 0x6B, 0x65, 0x74, 0x69, 0x6E, 0x67, 0x22, 0x2C, 0x22, 0x74, 0x72, 0x61,
    0x63, 0x6B, 0x2E, 0x61, 0x64, 0x66, 0x6F, 0x72, 0x6D, 0x2E, 0x6E, 0x65, 0x74, 0x22, 0x2C, 0x22,
    0x74, 0x72, 0x61, 0x63, 0x6B, 0x65, 0x72, 0x73, 0x69, 0x6D, 0x75, 0x6C, 0x61, 0x74, 0x6F, 0x72,
    0x2E, 0x6F, 0x72, 0x67, 0x22, 0x2C, 0x22, 0x74, 0x72, 0x61, 0x66, 0x66, 0x69, 0x63, 0x6A, 0x75,
    0x6E, 0x6B, 0x79, 0x2E, 0x63, 0x6F, 0x6D, 0x22, 0x2C, 0x22, 0x74, 0x72, 0x65, 0x6D, 0x6F, 0x72,
    0x68, 0x75, 0x62, 0x2E, 0x63, 0x6F, 0x6D, 0x22, 0x2C, 0x22, 0x74, 0x72, 0x69, 0x62, 0x61, 0x6C,
    0x66, 0x75, 0x73, 0x69, 0x6F, 0x6E, 0x2E, 0x63, 0x6F, 0x6D, 0x22, 0x2C, 0x22, 0x74, 0x72, 0x69,
    0x70, 0x6C, 0x65, 0x6C, 0x69, 0x66, 0x74, 0x2E, 0x63, 0x6F, 0x6D, 0x22, 0x2C, 0x22, 0x74, 0x77,
    0x69, 0x74, 0x74, 0x65, 0x72, 0x2E, 0x63, 0x6F, 0x6D, 0x2F, 0x69, 0x2F, 0x61, 0x64, 0x73, 0x63,
    0x74, 0x22, 0x2C, 0x22, 0x75, 0x6E, 0x64, 0x65, 0x72, 0x74, 0x6F, 0x6E, 0x65, 0x2E, 0x63, 0x6F,
    0x6D, 0x22, 0x2C, 0x22, 0x75, 0x6E, 0x72, 0x75, 0x6C, 0x79, 0x6D, 0x65, 0x64, 0x69, 0x61, 0x2E,
    0x63, 0x6F, 0x6D, 0x22, 0x2C, 0x22, 0x75, 0x73, 0x65, 0x69, 0x6E, 0x73, 0x69, 0x64, 0x65, 0x72,
    0x2E, 0x63, 0x6F, 0x6D, 0x22, 0x2C, 0x22, 0x76, 0x69, 0x64, 0x61, 0x7A, 0x6F, 0x6F, 0x2E, 0x63,
    0x6F, 0x6D, 0x22, 0x2C, 0x22, 0x76, 0x69, 0x64, 0x65, 0x6F, 0x6C, 0x6F, 0x67, 0x79, 0x67, 0x72,
    0x6F, 0x75, 0x70, 0x2E, 0x63, 0x6F, 0x6D, 0x22, 0x2C, 0x22, 0x76, 0x69, 0x64, 0x6F, 0x6F, 0x6D,
    0x79, 0x2E, 0x63, 0x6F, 0x6D, 0x22, 0x2C, 0x22, 0x76, 0x69, 0x67, 0x6C, 0x69, 0x6E, 0x6B, 0x2E,
    0x63, 0x6F, 0x6D, 0x22, 0x2C, 0x22, 0x76, 0x69, 0x6D, 0x65, 0x6F, 0x2E, 0x63, 0x6F, 0x6D, 0x2F,
    0x61, 0x62, 0x6C, 0x69, 0x6E, 0x63, 0x6F, 0x6C, 0x6E, 0x22, 0x2C, 0x22, 0x77, 0x65, 0x62, 0x6F,
    0x72, 0x61, 0x6D, 0x61, 0x2E, 0x63, 0x6F, 0x6D, 0x22, 0x2C, 0x22, 0x77, 0x65, 0x62, 0x74, 0x72,
    0x65, 0x6E, 0x64, 0x73, 0x2E, 0x63, 0x6F, 0x6D, 0x22, 0x2C, 0x22, 0x78, 0x61, 0x64, 0x2E, 0x63,
    0x6F, 0x6D, 0x22, 0x2C, 0x22, 0x79, 0x69, 0x65, 0x6C, 0x64, 0x6C, 0x61, 0x62, 0x2E, 0x6E, 0x65,
    0x74, 0x22, 0x2C, 0x22, 0x79, 0x69, 0x65, 0x6C, 0x64, 0x6D, 0x6F, 0x2E, 0x63, 0x6F, 0x6D, 0x22,
    0x2C, 0x22, 0x79, 0x69, 0x65, 0x6C, 0x64, 0x6F, 0x70, 0x74, 0x69, 0x6D, 0x69, 0x7A, 0x65, 0x72,
    0x2E, 0x63, 0x6F, 0x6D, 0x22, 0x2C, 0x22, 0x79, 0x69, 0x65, 0x6C, 0x64, 0x73, 0x63, 0x61, 0x6C,
    0x65, 0x2E, 0x63, 0x6F, 0x6D, 0x22, 0x2C, 0x22, 0x79, 0x69, 0x65, 0x6C, 0x64, 0x78, 0x2E, 0x63,
    0x6F, 0x6D, 0x22, 0x2C, 0x22, 0x79, 0x6F, 0x75, 0x62, 0x6F, 0x72, 0x61, 0x6E, 0x71, 0x73, 0x30,
    0x31, 0x2E, 0x63, 0x6F, 0x6D, 0x22, 0x2C, 0x22, 0x79, 0x6F, 0x75, 0x74, 0x75, 0x62, 0x65, 0x2E,
    0x63, 0x6F, 0x6D, 0x2F, 0x61, 0x70, 0x69, 0x2F, 0x73, 0x74, 0x61, 0x74, 0x73, 0x2F, 0x61, 0x64,
    0x73, 0x22, 0x2C, 0x22, 0x79, 0x6F, 0x75, 0x74, 0x75, 0x62, 0x65, 0x2E, 0x63, 0x6F, 0x6D, 0x2F,
    0x67, 0x65, 0x74, 0x5F, 0x6D, 0x69, 0x64, 0x72, 0x6F, 0x6C, 0x6C, 0x5F, 0x69, 0x6E, 0x66, 0x6F,
    0x22, 0x2C, 0x22, 0x79, 0x6F, 0x75, 0x74, 0x75, 0x62, 0x65, 0x2E, 0x63, 0x6F, 0x6D, 0x2F, 0x70,
    0x61, 0x67, 0x65, 0x61, 0x64, 0x22, 0x2C, 0x22, 0x79, 0x6F, 0x75, 0x74, 0x75, 0x62, 0x65, 0x2E,
    0x63, 0x6F, 0x6D, 0x2F, 0x70, 0x74, 0x72, 0x61, 0x63, 0x6B, 0x69, 0x6E, 0x67, 0x22, 0x2C, 0x22,
    0x79, 0x6F, 0x75, 0x74, 0x75, 0x62, 0x65, 0x2E, 0x63, 0x6F, 0x6D, 0x2F, 0x79, 0x6F, 0x75, 0x74,
    0x75, 0x62, 0x65, 0x69, 0x2F, 0x76, 0x31, 0x2F, 0x61, 0x64, 0x73, 0x22, 0x2C, 0x22, 0x79, 0x6F,
    0x75, 0x74, 0x75, 0x62, 0x65, 0x2E, 0x63, 0x6F, 0x6D, 0x2F, 0x79, 0x6F, 0x75, 0x74, 0x75, 0x62,
    0x65, 0x69, 0x2F, 0x76, 0x31, 0x2F, 0x6C, 0x6F, 0x67, 0x5F, 0x65, 0x76, 0x65, 0x6E, 0x74, 0x22,
    0x2C, 0x22, 0x7A, 0x65, 0x64, 0x6F, 0x2E, 0x63, 0x6F, 0x6D, 0x22, 0x2C, 0x22, 0x7A, 0x65, 0x6D,
    0x61, 0x6E, 0x74, 0x61, 0x2E, 0x63, 0x6F, 0x6D, 0x22, 0x2C, 0x22, 0x7A, 0x65, 0x6F, 0x74, 0x61,
    0x70, 0x2E, 0x63, 0x6F, 0x6D, 0x22, 0x2C, 0x22, 0x7A, 0x65, 0x72, 0x67, 0x6E, 0x65, 0x74, 0x2E,
    0x63, 0x6F, 0x6D, 0x22, 0x5D, 0x3B, 0x0A, 0x20, 0x20, 0x63, 0x6F, 0x6E, 0x73, 0x74, 0x20, 0x62,
    0x6C, 0x6F, 0x63, 0x6B, 0x65, 0x64, 0x54, 0x6F, 0x6B, 0x65, 0x6E, 0x73, 0x20, 0x3D, 0x20, 0x5B,
    0x22, 0x2F, 0x61, 0x64, 0x73, 0x2F, 0x22, 0x2C, 0x22, 0x2F, 0x61, 0x64, 0x73, 0x65, 0x72, 0x76,
    0x65, 0x22, 0x2C, 0x22, 0x2F, 0x61, 0x64, 0x73, 0x65, 0x72, 0x76, 0x65, 0x72, 0x22, 0x2C, 0x22,
    0x2F, 0x61, 0x64, 0x73, 0x65, 0x72, 0x76, 0x69, 0x63, 0x65, 0x22, 0x2C, 0x22, 0x2F, 0x61, 0x64,
    0x73, 0x65, 0x72, 0x76, 0x69, 0x6E, 0x67, 0x22, 0x2C, 0x22, 0x2F, 0x61, 0x64, 0x74, 0x61, 0x67,
    0x22, 0x2C, 0x22, 0x2F, 0x61, 0x64, 0x75, 0x6E, 0x69, 0x74, 0x22, 0x2C, 0x22, 0x2F, 0x61, 0x64,
    0x76, 0x65, 0x72, 0x74, 0x2F, 0x22, 0x2C, 0x22, 0x2F, 0x61, 0x64, 0x76, 0x65, 0x72, 0x74, 0x69,
    0x73, 0x65, 0x22, 0x2C, 0x22, 0x2F, 0x61, 0x64, 0x76, 0x65, 0x72, 0x74, 0x69, 0x73, 0x65, 0x6D,
    0x65, 0x6E, 0x74, 0x22, 0x2C, 0x22, 0x2F, 0x61, 0x64, 0x76, 0x65, 0x72, 0x74, 0x69, 0x73, 0x69,
    0x6E, 0x67, 0x22, 0x2C, 0x22, 0x2F, 0x61, 0x64, 0x76, 0x69, 0x65, 0x77, 0x22, 0x2C, 0x22, 0x2F,
    0x61, 0x6E, 0x61, 0x6C, 0x79, 0x74, 0x69, 0x63, 0x73, 0x2E, 0x6A, 0x73, 0x22, 0x2C, 0x22, 0x2F,
    0x61, 0x6E, 0x61, 0x6C, 0x79, 0x74, 0x69, 0x63, 0x73, 0x2F, 0x22, 0x2C, 0x22, 0x2F, 0x62, 0x65,
    0x61, 0x63, 0x6F, 0x6E, 0x2F, 0x22, 0x2C, 0x22, 0x2F, 0x62, 0x69, 0x64, 0x64, 0x65, 0x72, 0x2F,
    0x22, 0x2C, 0x22, 0x2F, 0x62, 0x69, 0x64, 0x64, 0x69, 0x6E, 0x67, 0x2F, 0x22, 0x2C, 0x22, 0x2F,
    0x63, 0x6F, 0x6C, 0x6C, 0x65, 0x63, 0x74, 0x3F, 0x22, 0x2C, 0x22, 0x2F, 0x63, 0x6F, 0x6E, 0x76,
    0x65, 0x72, 0x73, 0x69, 0x6F, 0x6E, 0x2F, 0x22, 0x2C, 0x22, 0x2F, 0x64, 0x6F, 0x75, 0x62, 0x6C,
    0x65, 0x63, 0x6C, 0x69, 0x63, 0x6B, 0x2F, 0x22, 0x2C, 0x22, 0x2F, 0x66, 0x6C, 0x6F, 0x6F, 0x64,
    0x6C, 0x69, 0x67, 0x68, 0x74, 0x2F, 0x22, 0x2C, 0x22, 0x2F, 0x67, 0x61, 0x6D, 0x70, 0x61, 0x64,
    0x2F, 0x22, 0x2C, 0x22, 0x2F, 0x67, 0x6F, 0x6F, 0x67, 0x6C, 0x65, 0x61, 0x64, 0x73, 0x22, 0x2C,
    0x22, 0x2F, 0x69, 0x6D, 0x61, 0x33, 0x2E, 0x6A, 0x73, 0x22, 0x2C, 0x22, 0x2F, 0x70, 0x61, 0x67,
    0x65, 0x61, 0x64, 0x2F, 0x22, 0x2C, 0x22, 0x2F, 0x70, 0x72, 0x65, 0x62, 0x69, 0x64, 0x22, 0x2C,
    0x22, 0x2F, 0x70, 0x72, 0x6F, 0x67, 0x72, 0x61, 0x6D, 0x6D, 0x61, 0x74, 0x69, 0x63, 0x2F, 0x22,
    0x2C, 0x22, 0x2F, 0x70, 0x72, 0x6F, 0x6D, 0x6F, 0x2D, 0x61, 0x64, 0x22, 0x2C, 0x22, 0x2F, 0x70,
    0x72, 0x6F, 0x6D, 0x6F, 0x74, 0x65, 0x64, 0x2F, 0x22, 0x2C, 0x22, 0x2F, 0x73, 0x70, 0x6F, 0x6E,
    0x73, 0x6F, 0x72, 0x65, 0x64, 0x2F, 0x22, 0x2C, 0x22, 0x2F, 0x74, 0x65, 0x6C, 0x65, 0x6D, 0x65,
    0x74, 0x72, 0x79, 0x2F, 0x22, 0x2C, 0x22, 0x2F, 0x74, 0x72, 0x61, 0x63, 0x6B, 0x69, 0x6E, 0x67,
    0x2F, 0x22, 0x2C, 0x22, 0x2F, 0x76, 0x61, 0x73, 0x74, 0x2F, 0x22, 0x2C, 0x22, 0x2F, 0x76, 0x70,
    0x61, 0x69, 0x64, 0x2F, 0x22, 0x2C, 0x22, 0x61, 0x64, 0x5F, 0x62, 0x72, 0x65, 0x61, 0x6B, 0x3D,
    0x22, 0x2C, 0x22, 0x61, 0x64, 0x5F, 0x70, 0x6C, 0x61, 0x63, 0x65, 0x6D, 0x65, 0x6E, 0x74, 0x3D,
    0x22, 0x2C, 0x22, 0x61, 0x64, 0x5F, 0x74, 0x79, 0x70, 0x65, 0x3D, 0x22, 0x2C, 0x22, 0x61, 0x64,
    0x5F, 0x75, 0x6E, 0x69, 0x74, 0x3D, 0x22, 0x2C, 0x22, 0x61, 0x64, 0x69, 0x64, 0x3D, 0x22, 0x2C,
    0x22, 0x61, 0x64, 0x70, 0x6C, 0x61, 0x63, 0x65, 0x6D, 0x65, 0x6E, 0x74, 0x3D, 0x22, 0x2C, 0x22,
    0x61, 0x64, 0x73, 0x3F, 0x22, 0x2C, 0x22, 0x61, 0x64, 0x73, 0x65, 0x72, 0x76, 0x65, 0x72, 0x3D,
    0x22, 0x2C, 0x22, 0x61, 0x64, 0x73, 0x6C, 0x6F, 0x74, 0x3D, 0x22, 0x2C, 0x22, 0x61, 0x66, 0x66,
    0x69, 0x6C, 0x69, 0x61, 0x74, 0x65, 0x5F, 0x69, 0x64, 0x3D, 0x22, 0x2C, 0x22, 0x63, 0x61, 0x6D,
    0x70, 0x61, 0x69, 0x67, 0x6E, 0x5F, 0x69, 0x64, 0x3D, 0x22, 0x2C, 0x22, 0x63, 0x6C, 0x69, 0x63,
    0x6B, 0x69, 0x64, 0x3D, 0x22, 0x2C, 0x22, 0x64, 0x6F, 0x75, 0x62, 0x6C, 0x65, 0x63, 0x6C, 0x69,
    0x63, 0x6B, 0x22, 0x2C, 0x22, 0x66, 0x62, 0x63, 0x6C, 0x69, 0x64, 0x3D, 0x22, 0x2C, 0x22, 0x67,
    0x63, 0x6C, 0x69, 0x64, 0x3D, 0x22, 0x2C, 0x22, 0x67, 0x6F, 0x6F, 0x67, 0x6C, 0x65, 0x5F, 0x61,
    0x64, 0x73, 0x22, 0x2C, 0x22, 0x69, 0x6D, 0x70, 0x72, 0x65, 0x73, 0x73, 0x69, 0x6F, 0x6E, 0x5F,
    0x69, 0x64, 0x3D, 0x22, 0x2C, 0x22, 0x6D, 0x61, 0x72, 0x6B, 0x65, 0x74, 0x69, 0x6E, 0x67, 0x5F,
    0x69, 0x64, 0x3D, 0x22, 0x2C, 0x22, 0x6D, 0x69, 0x64, 0x72, 0x6F, 0x6C, 0x6C, 0x22, 0x2C, 0x22,
    0x6E, 0x61, 0x74, 0x69, 0x76, 0x65, 0x5F, 0x61, 0x64, 0x22, 0x2C, 0x22, 0x70, 0x61, 0x67, 0x65,
    0x61, 0x64, 0x22, 0x2C, 0x22, 0x70, 0x69, 0x78, 0x65, 0x6C, 0x2E, 0x67, 0x69, 0x66, 0x22, 0x2C,
    0x22, 0x70, 0x72, 0x6F, 0x6D, 0x6F, 0x74, 0x65, 0x64, 0x5F, 0x62, 0x79, 0x22, 0x2C, 0x22, 0x73,
    0x70, 0x6F, 0x6E, 0x73, 0x6F, 0x72, 0x65, 0x64, 0x5F, 0x62, 0x79, 0x22, 0x2C, 0x22, 0x74, 0x72,
    0x61, 0x63, 0x6B, 0x69, 0x6E, 0x67, 0x5F, 0x69, 0x64, 0x3D, 0x22, 0x2C, 0x22, 0x75, 0x74, 0x6D,
    0x5F, 0x63, 0x61, 0x6D, 0x70, 0x61, 0x69, 0x67, 0x6E, 0x3D, 0x22, 0x2C, 0x22, 0x75, 0x74, 0x6D,
    0x5F, 0x63, 0x6F, 0x6E, 0x74, 0x65, 0x6E, 0x74, 0x3D, 0x22, 0x2C, 0x22, 0x75, 0x74, 0x6D, 0x5F,
    0x6D, 0x65, 0x64, 0x69, 0x75, 0x6D, 0x3D, 0x22, 0x2C, 0x22, 0x75, 0x74, 0x6D, 0x5F, 0x73, 0x6F,
    0x75, 0x72, 0x63, 0x65, 0x3D, 0x22, 0x2C, 0x22, 0x79, 0x74, 0x5F, 0x61, 0x64, 0x22, 0x5D, 0x3B,
    0x0A, 0x20, 0x20, 0x63, 0x6F, 0x6E, 0x73, 0x74, 0x20, 0x68, 0x6F, 0x73, 0x74, 0x4C, 0x61, 0x62,
    0x65, 0x6C, 0x73, 0x20, 0x3D, 0x20, 0x2F, 0x28, 0x5E, 0x7C, 0x5B, 0x2E, 0x5F, 0x2D, 0x5D, 0x29,
    0x28, 0x61, 0x64, 0x28, 0x73, 0x7C, 0x78, 0x7C, 0x76, 0x7C, 0x73, 0x65, 0x72, 0x76, 0x65, 0x72,
    0x7C, 0x73, 0x65, 0x72, 0x76, 0x69, 0x63, 0x65, 0x7C, 0x73, 0x79, 0x73, 0x74, 0x65, 0x6D, 0x7C,
    0x6E, 0x65, 0x74, 0x77, 0x6F, 0x72, 0x6B, 0x7C, 0x74, 0x65, 0x63, 0x68, 0x7C, 0x74, 0x72, 0x61,
    0x63, 0x6B, 0x7C, 0x63, 0x6C, 0x69, 0x63, 0x6B, 0x7C, 0x76, 0x69, 0x65, 0x77, 0x7C, 0x75, 0x6E,
    0x69, 0x74, 0x7C, 0x73, 0x6C, 0x6F, 0x74, 0x7C, 0x74, 0x61, 0x67, 0x29, 0x3F, 0x7C, 0x61, 0x64,
    0x76, 0x65, 0x72, 0x74, 0x28, 0x69, 0x73, 0x28, 0x65, 0x7C, 0x69, 0x6E, 0x67, 0x7C, 0x65, 0x6D,
    0x65, 0x6E, 0x74, 0x29, 0x29, 0x3F, 0x7C, 0x61, 0x66, 0x66, 0x69, 0x6C, 0x69, 0x61, 0x74, 0x65,
    0x7C, 0x61, 0x6E, 0x61, 0x6C, 0x79, 0x74, 0x69, 0x63, 0x73, 0x7C, 0x62, 0x65, 0x61, 0x63, 0x6F,
    0x6E, 0x7C, 0x62, 0x69, 0x64, 0x64, 0x65, 0x72, 0x7C, 0x63, 0x6C, 0x69, 0x63, 0x6B, 0x74, 0x72,
    0x61, 0x63, 0x6B, 0x7C, 0x63, 0x6F, 0x6E, 0x76, 0x65, 0x72, 0x73, 0x69, 0x6F, 0x6E, 0x7C, 0x6D,
    0x61, 0x72, 0x6B, 0x65, 0x74, 0x69, 0x6E, 0x67, 0x7C, 0x6D, 0x65, 0x74, 0x72, 0x69, 0x63, 0x73,
    0x7C, 0x70, 0x69, 0x78, 0x65, 0x6C, 0x7C, 0x70, 0x72, 0x6F, 0x6D, 0x6F, 0x7C, 0x73, 0x70, 0x6F,
    0x6E, 0x73, 0x6F, 0x72, 0x28, 0x65, 0x64, 0x29, 0x3F, 0x7C, 0x74, 0x65, 0x6C, 0x65, 0x6D, 0x65,
    0x74, 0x72, 0x79, 0x7C, 0x74, 0x72, 0x61, 0x63, 0x6B, 0x65, 0x72, 0x7C, 0x74, 0x72, 0x61, 0x63,
    0x6B, 0x69, 0x6E, 0x67, 0x29, 0x28, 0x5B, 0x2E, 0x5F, 0x2D, 0x5D, 0x7C, 0x24, 0x29, 0x2F, 0x69,
    0x3B, 0x0A, 0x20, 0x20, 0x63, 0x6F, 0x6E, 0x73, 0x74, 0x20, 0x61, 0x64, 0x57, 0x6F, 0x72, 0x64,
    0x73, 0x20, 0x3D, 0x20, 0x2F, 0x28, 0x5E, 0x7C, 0x5B, 0x5C, 0x73, 0x5F, 0x2E, 0x3A, 0x23, 0x2D,
    0x5D, 0x29, 0x28, 0x61, 0x64, 0x7C, 0x61, 0x64, 0x73, 0x7C, 0x61, 0x64, 0x76, 0x65, 0x72, 0x74,
    0x7C, 0x61, 0x64, 0x76, 0x65, 0x72, 0x74, 0x69, 0x73, 0x65, 0x6D, 0x65, 0x6E, 0x74, 0x7C, 0x61,
    0x64, 0x76, 0x65, 0x72, 0x74, 0x69, 0x73, 0x69, 0x6E, 0x67, 0x7C, 0x61, 0x66, 0x66, 0x69, 0x6C,
    0x69, 0x61, 0x74, 0x65, 0x7C, 0x63, 0x6F, 0x6D, 0x6D, 0x65, 0x72, 0x63, 0x69, 0x61, 0x6C, 0x7C,
    0x70, 0x61, 0x69, 0x64, 0x7C, 0x70, 0x72, 0x6F, 0x6D, 0x6F, 0x74, 0x65, 0x64, 0x7C, 0x70, 0x72,
    0x6F, 0x6D, 0x6F, 0x74, 0x69, 0x6F, 0x6E, 0x7C, 0x73, 0x70, 0x6F, 0x6E, 0x73, 0x6F, 0x72, 0x7C,
    0x73, 0x70, 0x6F, 0x6E, 0x73, 0x6F, 0x72, 0x65, 0x64, 0x29, 0x28, 0x5B, 0x5C, 0x73, 0x5F, 0x2E,
    0x3A, 0x23, 0x2D, 0x5D, 0x7C, 0x24, 0x29, 0x2F, 0x69, 0x3B, 0x0A, 0x20, 0x20, 0x63, 0x6F, 0x6E,
    0x73, 0x74, 0x20, 0x73, 0x61, 0x66, 0x65, 0x57, 0x6F, 0x72, 0x64, 0x73, 0x20, 0x3D, 0x20, 0x2F,
    0x73, 0x68, 0x61, 0x64, 0x6F, 0x77, 0x7C, 0x61, 0x64, 0x61, 0x70, 0x74, 0x65, 0x72, 0x7C, 0x61,
    0x64, 0x64, 0x72, 0x65, 0x73, 0x73, 0x7C, 0x61, 0x64, 0x6D, 0x69, 0x6E, 0x7C, 0x61, 0x64, 0x76,
    0x65, 0x6E, 0x74, 0x75, 0x72, 0x65, 0x7C, 0x68, 0x65, 0x61, 0x64, 0x65, 0x72, 0x7C, 0x6C, 0x6F,
    0x61, 0x64, 0x69, 0x6E, 0x67, 0x7C, 0x72, 0x6F, 0x61, 0x64, 0x7C, 0x64, 0x6F, 0x77, 0x6E, 0x6C,
    0x6F, 0x61, 0x64, 0x7C, 0x70, 0x6C, 0x61, 0x79, 0x65, 0x72, 0x7C, 0x70, 0x6C, 0x61, 0x79, 0x62,
    0x61, 0x63, 0x6B, 0x7C, 0x76, 0x69, 0x64, 0x65, 0x6F, 0x7C, 0x61, 0x75, 0x64, 0x69, 0x6F, 0x7C,
    0x6D, 0x65, 0x64, 0x69, 0x61, 0x2F, 0x69, 0x3B, 0x0A, 0x20, 0x20, 0x63, 0x6F, 0x6E, 0x73, 0x74,
    0x20, 0x69, 0x73, 0x59, 0x6F, 0x75, 0x54, 0x75, 0x62, 0x65, 0x20, 0x3D, 0x20, 0x2F, 0x28, 0x5E,
    0x7C, 0x5C, 0x2E, 0x29, 0x79, 0x6F, 0x75, 0x74, 0x75, 0x62, 0x65, 0x5C, 0x2E, 0x63, 0x6F, 0x6D,
    0x24, 0x2F, 0x69, 0x2E, 0x74, 0x65, 0x73, 0x74, 0x28, 0x6C, 0x6F, 0x63, 0x61, 0x74, 0x69, 0x6F,
    0x6E, 0x2E, 0x68, 0x6F, 0x73, 0x74, 0x6E, 0x61, 0x6D, 0x65, 0x29, 0x20, 0x7C, 0x7C, 0x20, 0x2F,
    0x28, 0x5E, 0x7C, 0x5C, 0x2E, 0x29, 0x79, 0x6F, 0x75, 0x74, 0x75, 0x5C, 0x2E, 0x62, 0x65, 0x24,
    0x2F, 0x69, 0x2E, 0x74, 0x65, 0x73, 0x74, 0x28, 0x6C, 0x6F, 0x63, 0x61, 0x74, 0x69, 0x6F, 0x6E,
    0x2E, 0x68, 0x6F, 0x73, 0x74, 0x6E, 0x61, 0x6D, 0x65, 0x29, 0x3B, 0x0A, 0x0A, 0x20, 0x20, 0x63,
    0x6F, 0x6E, 0x73, 0x74, 0x20, 0x65, 0x78, 0x70, 0x6C, 0x69, 0x63, 0x69, 0x74, 0x41, 0x64, 0x53,
    0x65, 0x6C, 0x65, 0x63, 0x74, 0x6F, 0x72, 0x20, 0x3D, 0x20, 0x5B, 0x0A, 0x20, 0x20, 0x20, 0x20,
    0x27, 0x2E, 0x76, 0x69, 0x64, 0x65, 0x6F, 0x2D, 0x61, 0x64, 0x73, 0x27, 0x2C, 0x20, 0x27, 0x2E,
    0x79, 0x74, 0x70, 0x2D, 0x61, 0x64, 0x2D, 0x6D, 0x6F, 0x64, 0x75, 0x6C, 0x65, 0x27, 0x2C, 0x20,
    0x27, 0x2E, 0x79, 0x74, 0x70, 0x2D, 0x61, 0x64, 0x2D, 0x6F, 0x76, 0x65, 0x72, 0x6C, 0x61, 0x79,
    0x2D, 0x63, 0x6F, 0x6E, 0x74, 0x61, 0x69, 0x6E, 0x65, 0x72, 0x27, 0x2C, 0x20, 0x27, 0x2E, 0x79,
    0x74, 0x70, 0x2D, 0x61, 0x64, 0x2D, 0x70, 0x6C, 0x61, 0x79, 0x65, 0x72, 0x2D, 0x6F, 0x76, 0x65,
    0x72, 0x6C, 0x61, 0x79, 0x27, 0x2C, 0x0A, 0x20, 0x20, 0x20, 0x20, 0x27, 0x2E, 0x79, 0x74, 0x70,
    0x2D, 0x61, 0x64, 0x2D, 0x74, 0x65, 0x78, 0x74, 0x2D, 0x6F, 0x76, 0x65, 0x72, 0x6C, 0x61, 0x79,
    0x27, 0x2C, 0x20, 0x27, 0x2E, 0x79, 0x74, 0x70, 0x2D, 0x61, 0x64, 0x2D, 0x69, 0x6D, 0x61, 0x67,
    0x65, 0x2D, 0x6F, 0x76, 0x65, 0x72, 0x6C, 0x61, 0x79, 0x27, 0x2C, 0x20, 0x27, 0x2E, 0x79, 0x74,
    0x70, 0x2D, 0x61, 0x64, 0x2D, 0x6F, 0x76, 0x65, 0x72, 0x6C, 0x61, 0x79, 0x2D, 0x73, 0x6C, 0x6F,
    0x74, 0x27, 0x2C, 0x0A, 0x20, 0x20, 0x20, 0x20, 0x27, 0x2E, 0x79, 0x74, 0x70, 0x2D, 0x61, 0x64,
    0x2D, 0x70, 0x72, 0x65, 0x76, 0x69, 0x65, 0x77, 0x2D, 0x63, 0x6F, 0x6E, 0x74, 0x61, 0x69, 0x6E,
    0x65, 0x72, 0x27, 0x2C, 0x20, 0x27, 0x2E, 0x79, 0x74, 0x70, 0x2D, 0x61, 0x64, 0x2D, 0x70, 0x72,
    0x65, 0x76, 0x69, 0x65, 0x77, 0x2D, 0x74, 0x65, 0x78, 0x74, 0x27, 0x2C, 0x20, 0x27, 0x2E, 0x79,
    0x74, 0x70, 0x2D, 0x61, 0x64, 0x2D, 0x73, 0x69, 0x6D, 0x70, 0x6C, 0x65, 0x2D, 0x61, 0x64, 0x2D,
    0x62, 0x61, 0x64, 0x67, 0x65, 0x27, 0x2C, 0x0A, 0x20, 0x20, 0x20, 0x20, 0x27, 0x2E, 0x79, 0x74,
    0x70, 0x2D, 0x61, 0x64, 0x2D, 0x70, 0x72, 0x6F, 0x67, 0x72, 0x65, 0x73, 0x73, 0x2D, 0x6C, 0x69,
    0x73, 0x74, 0x27, 0x2C, 0x20, 0x27, 0x2E, 0x79, 0x74, 0x70, 0x2D, 0x61, 0x64, 0x2D, 0x64, 0x75,
    0x72, 0x61, 0x74, 0x69, 0x6F, 0x6E, 0x2D, 0x72, 0x65, 0x6D, 0x61, 0x69, 0x6E, 0x69, 0x6E, 0x67,
    0x27, 0x2C, 0x20, 0x27, 0x2E, 0x79, 0x74, 0x70, 0x2D, 0x61, 0x64, 0x2D, 0x73, 0x6B, 0x69, 0x70,
    0x2D, 0x62, 0x75, 0x74, 0x74, 0x6F, 0x6E, 0x2D, 0x73, 0x6C, 0x6F, 0x74, 0x27, 0x2C, 0x0A, 0x20,
    0x20, 0x20, 0x20, 0x27, 0x79, 0x74, 0x64, 0x2D, 0x61, 0x64, 0x2D, 0x73, 0x6C, 0x6F, 0x74, 0x2D,
    0x72, 0x65, 0x6E, 0x64, 0x65, 0x72, 0x65, 0x72, 0x27, 0x2C, 0x20, 0x27, 0x79, 0x74, 0x64, 0x2D,
    0x64, 0x69, 0x73, 0x70, 0x6C, 0x61, 0x79, 0x2D, 0x61, 0x64, 0x2D, 0x72, 0x65, 0x6E, 0x64, 0x65,
    0x72, 0x65, 0x72, 0x27, 0x2C, 0x20, 0x27, 0x79, 0x74, 0x64, 0x2D, 0x70, 0x72, 0x6F, 0x6D, 0x6F,
    0x74, 0x65, 0x64, 0x2D, 0x73, 0x70, 0x61, 0x72, 0x6B, 0x6C, 0x65, 0x73, 0x2D, 0x77, 0x65, 0x62,
    0x2D, 0x72, 0x65, 0x6E, 0x64, 0x65, 0x72, 0x65, 0x72, 0x27, 0x2C, 0x0A, 0x20, 0x20, 0x20, 0x20,
    0x27, 0x79, 0x74, 0x64, 0x2D, 0x70, 0x72, 0x6F, 0x6D, 0x6F, 0x74, 0x65, 0x64, 0x2D, 0x73, 0x70,
    0x61, 0x72, 0x6B, 0x6C, 0x65, 0x73, 0x2D, 0x74, 0x65, 0x78, 0x74, 0x2D, 0x73, 0x65, 0x61, 0x72,
    0x63, 0x68, 0x2D, 0x72, 0x65, 0x6E, 0x64, 0x65, 0x72, 0x65, 0x72, 0x27, 0x2C, 0x20, 0x27, 0x79,
    0x74, 0x64, 0x2D, 0x70, 0x72, 0x6F, 0x6D, 0x6F, 0x74, 0x65, 0x64, 0x2D, 0x76, 0x69, 0x64, 0x65,
    0x6F, 0x2D, 0x72, 0x65, 0x6E, 0x64, 0x65, 0x72, 0x65, 0x72, 0x27, 0x2C, 0x0A, 0x20, 0x20, 0x20,
    0x20, 0x27, 0x79, 0x74, 0x64, 0x2D, 0x63, 0x6F, 0x6D, 0x70, 0x61, 0x63, 0x74, 0x2D, 0x70, 0x72,
    0x6F, 0x6D, 0x6F, 0x74, 0x65, 0x64, 0x2D, 0x76, 0x69, 0x64, 0x65, 0x6F, 0x2D, 0x72, 0x65, 0x6E,
    0x64, 0x65, 0x72, 0x65, 0x72, 0x27, 0x2C, 0x20, 0x27, 0x79, 0x74, 0x64, 0x2D, 0x69, 0x6E, 0x2D,
    0x66, 0x65, 0x65, 0x64, 0x2D, 0x61, 0x64, 0x2D, 0x6C, 0x61, 0x79, 0x6F, 0x75, 0x74, 0x2D, 0x72,
    0x65, 0x6E, 0x64, 0x65, 0x72, 0x65, 0x72, 0x27, 0x2C, 0x0A, 0x20, 0x20, 0x20, 0x20, 0x27, 0x79,
    0x74, 0x64, 0x2D, 0x61, 0x63, 0x74, 0x69, 0x6F, 0x6E, 0x2D, 0x63, 0x6F, 0x6D, 0x70, 0x61, 0x6E,
    0x69, 0x6F, 0x6E, 0x2D, 0x61, 0x64, 0x2D, 0x72, 0x65, 0x6E, 0x64, 0x65, 0x72, 0x65, 0x72, 0x27,
    0x2C, 0x20, 0x27, 0x79, 0x74, 0x64, 0x2D, 0x63, 0x6F, 0x6D, 0x70, 0x61, 0x6E, 0x69, 0x6F, 0x6E,
    0x2D, 0x73, 0x6C, 0x6F, 0x74, 0x2D, 0x72, 0x65, 0x6E, 0x64, 0x65, 0x72, 0x65, 0x72, 0x27, 0x2C,
    0x0A, 0x20, 0x20, 0x20, 0x20, 0x27, 0x79, 0x74, 0x64, 0x2D, 0x76, 0x69, 0x64, 0x65, 0x6F, 0x2D,
    0x6D, 0x61, 0x73, 0x74, 0x68, 0x65, 0x61, 0x64, 0x2D, 0x61, 0x64, 0x2D, 0x61, 0x64, 0x76, 0x65,
    0x72, 0x74, 0x69, 0x73, 0x65, 0x72, 0x2D, 0x69, 0x6E, 0x66, 0x6F, 0x2D, 0x72, 0x65, 0x6E, 0x64,
    0x65, 0x72, 0x65, 0x72, 0x27, 0x2C, 0x20, 0x27, 0x79, 0x74, 0x64, 0x2D, 0x70, 0x6C, 0x61, 0x79,
    0x65, 0x72, 0x2D, 0x6C, 0x65, 0x67, 0x61, 0x63, 0x79, 0x2D, 0x64, 0x65, 0x73, 0x6B, 0x74, 0x6F,
    0x70, 0x2D, 0x77, 0x61, 0x74, 0x63, 0x68, 0x2D, 0x61, 0x64, 0x73, 0x2D, 0x72, 0x65, 0x6E, 0x64,
    0x65, 0x72, 0x65, 0x72, 0x27, 0x2C, 0x0A, 0x20, 0x20, 0x20, 0x20, 0x27, 0x79, 0x74, 0x6D, 0x2D,
    0x70, 0x72, 0x6F, 0x6D, 0x6F, 0x74, 0x65, 0x64, 0x2D, 0x73, 0x70, 0x61, 0x72, 0x6B, 0x6C, 0x65,
    0x73, 0x2D, 0x77, 0x65, 0x62, 0x2D, 0x72, 0x65, 0x6E, 0x64, 0x65, 0x72, 0x65, 0x72, 0x27, 0x2C,
    0x20, 0x27, 0x79, 0x74, 0x6D, 0x2D, 0x70, 0x72, 0x6F, 0x6D, 0x6F, 0x74, 0x65, 0x64, 0x2D, 0x76,
    0x69, 0x64, 0x65, 0x6F, 0x2D, 0x72, 0x65, 0x6E, 0x64, 0x65, 0x72, 0x65, 0x72, 0x27, 0x2C, 0x20,
    0x27, 0x79, 0x74, 0x6D, 0x2D, 0x63, 0x6F, 0x6D, 0x70, 0x61, 0x6E, 0x69, 0x6F, 0x6E, 0x2D, 0x61,
    0x64, 0x2D, 0x72, 0x65, 0x6E, 0x64, 0x65, 0x72, 0x65, 0x72, 0x27, 0x0A, 0x20, 0x20, 0x5D, 0x2E,
    0x6A, 0x6F, 0x69, 0x6E, 0x28, 0x27, 0x2C, 0x27, 0x29, 0x3B, 0x0A, 0x0A, 0x20, 0x20, 0x63, 0x6F,
    0x6E, 0x73, 0x74, 0x20, 0x70, 0x72, 0x6F, 0x74, 0x65, 0x63, 0x74, 0x65, 0x64, 0x4D, 0x65, 0x64,
    0x69, 0x61, 0x53, 0x65, 0x6C, 0x65, 0x63, 0x74, 0x6F, 0x72, 0x20, 0x3D, 0x20, 0x5B, 0x0A, 0x20,
    0x20, 0x20, 0x20, 0x27, 0x76, 0x69, 0x64, 0x65, 0x6F, 0x27, 0x2C, 0x20, 0x27, 0x61, 0x75, 0x64,
    0x69, 0x6F, 0x27, 0x2C, 0x20, 0x27, 0x23, 0x6D, 0x6F, 0x76, 0x69, 0x65, 0x5F, 0x70, 0x6C, 0x61,
    0x79, 0x65, 0x72, 0x27, 0x2C, 0x20, 0x27, 0x2E, 0x68, 0x74, 0x6D, 0x6C, 0x35, 0x2D, 0x76, 0x69,
    0x64, 0x65, 0x6F, 0x2D, 0x70, 0x6C, 0x61, 0x79, 0x65, 0x72, 0x27, 0x2C, 0x20, 0x27, 0x2E, 0x68,
    0x74, 0x6D, 0x6C, 0x35, 0x2D, 0x76, 0x69, 0x64, 0x65, 0x6F, 0x2D, 0x63, 0x6F, 0x6E, 0x74, 0x61,
    0x69, 0x6E, 0x65, 0x72, 0x27, 0x2C, 0x0A, 0x20, 0x20, 0x20, 0x20, 0x27, 0x79, 0x74, 0x64, 0x2D,
    0x70, 0x6C, 0x61, 0x79, 0x65, 0x72, 0x27, 0x2C, 0x20, 0x27, 0x23, 0x70, 0x6C, 0x61, 0x79, 0x65,
    0x72, 0x27, 0x2C, 0x20, 0x27, 0x23, 0x70, 0x6C, 0x61, 0x79, 0x65, 0x72, 0x2D, 0x63, 0x6F, 0x6E,
    0x74, 0x61, 0x69, 0x6E, 0x65, 0x72, 0x27, 0x2C, 0x20, 0x27, 0x23, 0x70, 0x6C, 0x61, 0x79, 0x65,
    0x72, 0x2D, 0x63, 0x6F, 0x6E, 0x74, 0x61, 0x69, 0x6E, 0x65, 0x72, 0x2D, 0x69, 0x6E, 0x6E, 0x65,
    0x72, 0x27, 0x2C, 0x0A, 0x20, 0x20, 0x20, 0x20, 0x27, 0x2E, 0x79, 0x74, 0x70, 0x2D, 0x70, 0x6C,
    0x61, 0x79, 0x65, 0x72, 0x2D, 0x63, 0x6F, 0x6E, 0x74, 0x65, 0x6E, 0x74, 0x27, 0x2C, 0x20, 0x27,
    0x2E, 0x79, 0x74, 0x70, 0x2D, 0x63, 0x68, 0x72, 0x6F, 0x6D, 0x65, 0x2D, 0x62, 0x6F, 0x74, 0x74,
    0x6F, 0x6D, 0x27, 0x2C, 0x20, 0x27, 0x2E, 0x79, 0x74, 0x70, 0x2D, 0x63, 0x68, 0x72, 0x6F, 0x6D,
    0x65, 0x2D, 0x74, 0x6F, 0x70, 0x27, 0x2C, 0x20, 0x27, 0x2E, 0x79, 0x74, 0x70, 0x2D, 0x70, 0x72,
    0x6F, 0x67, 0x72, 0x65, 0x73, 0x73, 0x2D, 0x62, 0x61, 0x72, 0x2D, 0x63, 0x6F, 0x6E, 0x74, 0x61,
    0x69, 0x6E, 0x65, 0x72, 0x27, 0x0A, 0x20, 0x20, 0x5D, 0x2E, 0x6A, 0x6F, 0x69, 0x6E, 0x28, 0x27,
    0x2C, 0x27, 0x29, 0x3B, 0x0A, 0x0A, 0x20, 0x20, 0x63, 0x6F, 0x6E, 0x73, 0x74, 0x20, 0x73, 0x74,
    0x61, 0x74, 0x65, 0x20, 0x3D, 0x20, 0x7B, 0x0A, 0x20, 0x20, 0x20, 0x20, 0x65, 0x6E, 0x61, 0x62,
    0x6C, 0x65, 0x64, 0x3A, 0x20, 0x74, 0x72, 0x75, 0x65, 0x2C, 0x0A, 0x20, 0x20, 0x20, 0x20, 0x6F,
    0x62, 0x73, 0x65, 0x72, 0x76, 0x65, 0x72, 0x3A, 0x20, 0x6E, 0x75, 0x6C, 0x6C, 0x2C, 0x0A, 0x20,
    0x20, 0x20, 0x20, 0x74, 0x69, 0x6D, 0x65, 0x72, 0x3A, 0x20, 0x30, 0x2C, 0x0A, 0x20, 0x20, 0x20,
    0x20, 0x6F, 0x72, 0x69, 0x67, 0x69, 0x6E, 0x61, 0x6C, 0x73, 0x3A, 0x20, 0x7B, 0x7D, 0x2C, 0x0A,
    0x20, 0x20, 0x20, 0x20, 0x73, 0x74, 0x79, 0x6C, 0x65, 0x3A, 0x20, 0x6E, 0x75, 0x6C, 0x6C, 0x2C,
    0x0A, 0x20, 0x20, 0x20, 0x20, 0x73, 0x77, 0x65, 0x65, 0x70, 0x3A, 0x20, 0x6E, 0x75, 0x6C, 0x6C,
    0x2C, 0x0A, 0x20, 0x20, 0x20, 0x20, 0x63, 0x6C, 0x65, 0x61, 0x6E, 0x75, 0x70, 0x3A, 0x20, 0x6E,
    0x75, 0x6C, 0x6C, 0x0A, 0x20, 0x20, 0x7D, 0x3B, 0x0A, 0x20, 0x20, 0x77, 0x69, 0x6E, 0x64, 0x6F,
    0x77, 0x5B, 0x4B, 0x45, 0x59, 0x5D, 0x20, 0x3D, 0x20, 0x73, 0x74, 0x61, 0x74, 0x65, 0x3B, 0x0A,
    0x0A, 0x20, 0x20, 0x66, 0x75, 0x6E, 0x63, 0x74, 0x69, 0x6F, 0x6E, 0x20, 0x68, 0x6F, 0x73, 0x74,
    0x6E, 0x61, 0x6D, 0x65, 0x4D, 0x61, 0x74, 0x63, 0x68, 0x65, 0x73, 0x28, 0x68, 0x6F, 0x73, 0x74,
    0x2C, 0x20, 0x72, 0x75, 0x6C, 0x65, 0x29, 0x20, 0x7B, 0x0A, 0x20, 0x20, 0x20, 0x20, 0x68, 0x6F,
    0x73, 0x74, 0x20, 0x3D, 0x20, 0x53, 0x74, 0x72, 0x69, 0x6E, 0x67, 0x28, 0x68, 0x6F, 0x73, 0x74,
    0x20, 0x7C, 0x7C, 0x20, 0x27, 0x27, 0x29, 0x2E, 0x74, 0x6F, 0x4C, 0x6F, 0x77, 0x65, 0x72, 0x43,
    0x61, 0x73, 0x65, 0x28, 0x29, 0x2E, 0x72, 0x65, 0x70, 0x6C, 0x61, 0x63, 0x65, 0x28, 0x2F, 0x5E,
    0x77, 0x77, 0x77, 0x5C, 0x2E, 0x2F, 0x2C, 0x20, 0x27, 0x27, 0x29, 0x3B, 0x0A, 0x20, 0x20, 0x20,
    0x20, 0x72, 0x75, 0x6C, 0x65, 0x20, 0x3D, 0x20, 0x53, 0x74, 0x72, 0x69, 0x6E, 0x67, 0x28, 0x72,
    0x75, 0x6C, 0x65, 0x20, 0x7C, 0x7C, 0x20, 0x27, 0x27, 0x29, 0x2E, 0x74, 0x6F, 0x4C, 0x6F, 0x77,
    0x65, 0x72, 0x43, 0x61, 0x73, 0x65, 0x28, 0x29, 0x3B, 0x0A, 0x20, 0x20, 0x20, 0x20, 0x69, 0x66,
    0x20, 0x28, 0x21, 0x68, 0x6F, 0x73, 0x74, 0x20, 0x7C, 0x7C, 0x20, 0x21, 0x72, 0x75, 0x6C, 0x65,
    0x29, 0x20, 0x72, 0x65, 0x74, 0x75, 0x72, 0x6E, 0x20, 0x66, 0x61, 0x6C, 0x73, 0x65, 0x3B, 0x0A,
    0x20, 0x20, 0x20, 0x20, 0x69, 0x66, 0x20, 0x28, 0x72, 0x75, 0x6C, 0x65, 0x2E, 0x69, 0x6E, 0x63,
    0x6C, 0x75, 0x64, 0x65, 0x73, 0x28, 0x27, 0x2F, 0x27, 0x29, 0x29, 0x20, 0x72, 0x65, 0x74, 0x75,
    0x72, 0x6E, 0x20, 0x66, 0x61, 0x6C, 0x73, 0x65, 0x3B, 0x0A, 0x20, 0x20, 0x20, 0x20, 0x72, 0x65,
    0x74, 0x75, 0x72, 0x6E, 0x20, 0x68, 0x6F, 0x73, 0x74, 0x20, 0x3D, 0x3D, 0x3D, 0x20, 0x72, 0x75,
    0x6C, 0x65, 0x20, 0x7C, 0x7C, 0x20, 0x68, 0x6F, 0x73, 0x74, 0x2E, 0x65, 0x6E, 0x64, 0x73, 0x57,
    0x69, 0x74, 0x68, 0x28, 0x27, 0x2E, 0x27, 0x20, 0x2B, 0x20, 0x72, 0x75, 0x6C, 0x65, 0x29, 0x3B,
    0x0A, 0x20, 0x20, 0x7D, 0x0A, 0x0A, 0x20, 0x20, 0x66, 0x75, 0x6E, 0x63, 0x74, 0x69, 0x6F, 0x6E,
    0x20, 0x73, 0x68, 0x6F, 0x75, 0x6C, 0x64, 0x42, 0x6C, 0x6F, 0x63, 0x6B, 0x28, 0x72, 0x61, 0x77,
    0x29, 0x20, 0x7B, 0x0A, 0x20, 0x20, 0x20, 0x20, 0x69, 0x66, 0x20, 0x28, 0x21, 0x73, 0x74, 0x61,
    0x74, 0x65, 0x2E, 0x65, 0x6E, 0x61, 0x62, 0x6C, 0x65, 0x64, 0x20, 0x7C, 0x7C, 0x20, 0x72, 0x61,
    0x77, 0x20, 0x3D, 0x3D, 0x20, 0x6E, 0x75, 0x6C, 0x6C, 0x29, 0x20, 0x72, 0x65, 0x74, 0x75, 0x72,
    0x6E, 0x20, 0x66, 0x61, 0x6C, 0x73, 0x65, 0x3B, 0x0A, 0x20, 0x20, 0x20, 0x20, 0x6C, 0x65, 0x74,
    0x20, 0x74, 0x65, 0x78, 0x74, 0x20, 0x3D, 0x20, 0x53, 0x74, 0x72, 0x69, 0x6E, 0x67, 0x28, 0x72,
    0x61, 0x77, 0x29, 0x2E, 0x74, 0x72, 0x69, 0x6D, 0x28, 0x29, 0x3B, 0x0A, 0x20, 0x20, 0x20, 0x20,
    0x69, 0x66, 0x20, 0x28, 0x21, 0x74, 0x65, 0x78, 0x74, 0x20, 0x7C, 0x7C, 0x20, 0x2F, 0x5E, 0x28,
    0x64, 0x61, 0x74, 0x61, 0x7C, 0x62, 0x6C, 0x6F, 0x62, 0x7C, 0x6A, 0x61, 0x76, 0x61, 0x73, 0x63,
    0x72, 0x69, 0x70, 0x74, 0x7C, 0x61, 0x62, 0x6F, 0x75, 0x74, 0x29, 0x3A, 0x2F, 0x69, 0x2E, 0x74,
    0x65, 0x73, 0x74, 0x28, 0x74, 0x65, 0x78, 0x74, 0x29, 0x29, 0x20, 0x72, 0x65, 0x74, 0x75, 0x72,
    0x6E, 0x20, 0x66, 0x61, 0x6C, 0x73, 0x65, 0x3B, 0x0A, 0x20, 0x20, 0x20, 0x20, 0x6C, 0x65, 0x74,
    0x20, 0x75, 0x72, 0x6C, 0x3B, 0x0A, 0x20, 0x20, 0x20, 0x20, 0x74, 0x72, 0x79, 0x20, 0x7B, 0x20,
    0x75, 0x72, 0x6C, 0x20, 0x3D, 0x20, 0x6E, 0x65, 0x77, 0x20, 0x55, 0x52, 0x4C, 0x28, 0x74, 0x65,
    0x78, 0x74, 0x2C, 0x20, 0x64, 0x6F, 0x63, 0x75, 0x6D, 0x65, 0x6E, 0x74, 0x2E, 0x62, 0x61, 0x73,
    0x65, 0x55, 0x52, 0x49, 0x20, 0x7C, 0x7C, 0x20, 0x6C, 0x6F, 0x63, 0x61, 0x74, 0x69, 0x6F, 0x6E,
    0x2E, 0x68, 0x72, 0x65, 0x66, 0x29, 0x3B, 0x20, 0x7D, 0x0A, 0x20, 0x20, 0x20, 0x20, 0x63, 0x61,
    0x74, 0x63, 0x68, 0x20, 0x28, 0x5F, 0x29, 0x20, 0x7B, 0x20, 0x72, 0x65, 0x74, 0x75, 0x72, 0x6E,
    0x20, 0x66, 0x61, 0x6C, 0x73, 0x65, 0x3B, 0x20, 0x7D, 0x0A, 0x20, 0x20, 0x20, 0x20, 0x63, 0x6F,
    0x6E, 0x73, 0x74, 0x20, 0x68, 0x6F, 0x73, 0x74, 0x20, 0x3D, 0x20, 0x53, 0x74, 0x72, 0x69, 0x6E,
    0x67, 0x28, 0x75, 0x72, 0x6C, 0x2E, 0x68, 0x6F, 0x73, 0x74, 0x6E, 0x61, 0x6D, 0x65, 0x20, 0x7C,
    0x7C, 0x20, 0x27, 0x27, 0x29, 0x2E, 0x74, 0x6F, 0x4C, 0x6F, 0x77, 0x65, 0x72, 0x43, 0x61, 0x73,
    0x65, 0x28, 0x29, 0x2E, 0x72, 0x65, 0x70, 0x6C, 0x61, 0x63, 0x65, 0x28, 0x2F, 0x5E, 0x77, 0x77,
    0x77, 0x5C, 0x2E, 0x2F, 0x2C, 0x20, 0x27, 0x27, 0x29, 0x3B, 0x0A, 0x20, 0x20, 0x20, 0x20, 0x63,
    0x6F, 0x6E, 0x73, 0x74, 0x20, 0x66, 0x75, 0x6C, 0x6C, 0x20, 0x3D, 0x20, 0x28, 0x68, 0x6F, 0x73,
    0x74, 0x20, 0x2B, 0x20, 0x75, 0x72, 0x6C, 0x2E, 0x70, 0x61, 0x74, 0x68, 0x6E, 0x61, 0x6D, 0x65,
    0x20, 0x2B, 0x20, 0x75, 0x72, 0x6C, 0x2E, 0x73, 0x65, 0x61, 0x72, 0x63, 0x68, 0x29, 0x2E, 0x74,
    0x6F, 0x4C, 0x6F, 0x77, 0x65, 0x72, 0x43, 0x61, 0x73, 0x65, 0x28, 0x29, 0x3B, 0x0A, 0x20, 0x20,
    0x20, 0x20, 0x66, 0x6F, 0x72, 0x20, 0x28, 0x63, 0x6F, 0x6E, 0x73, 0x74, 0x20, 0x72, 0x75, 0x6C,
    0x65, 0x20, 0x6F, 0x66, 0x20, 0x62, 0x6C, 0x6F, 0x63, 0x6B, 0x65, 0x64, 0x48, 0x6F, 0x73, 0x74,
    0x73, 0x29, 0x20, 0x7B, 0x0A, 0x20, 0x20, 0x20, 0x20, 0x20, 0x20, 0x69, 0x66, 0x20, 0x28, 0x72,
    0x75, 0x6C, 0x65, 0x2E, 0x69, 0x6E, 0x63, 0x6C, 0x75, 0x64, 0x65, 0x73, 0x28, 0x27, 0x2F, 0x27,
    0x29, 0x29, 0x20, 0x7B, 0x0A, 0x20, 0x20, 0x20, 0x20, 0x20, 0x20, 0x20, 0x20, 0x69, 0x66, 0x20,
    0x28, 0x66, 0x75, 0x6C, 0x6C, 0x2E, 0x69, 0x6E, 0x63, 0x6C, 0x75, 0x64, 0x65, 0x73, 0x28, 0x72,
    0x75, 0x6C, 0x65, 0x29, 0x29, 0x20, 0x72, 0x65, 0x74, 0x75, 0x72, 0x6E, 0x20, 0x74, 0x72, 0x75,
    0x65, 0x3B, 0x0A, 0x20, 0x20, 0x20, 0x20, 0x20, 0x20, 0x7D, 0x20, 0x65, 0x6C, 0x73, 0x65, 0x20,
    0x69, 0x66, 0x20, 0x28, 0x68, 0x6F, 0x73, 0x74, 0x6E, 0x61, 0x6D, 0x65, 0x4D, 0x61, 0x74, 0x63,
    0x68, 0x65, 0x73, 0x28, 0x68, 0x6F, 0x73, 0x74, 0x2C, 0x20, 0x72, 0x75, 0x6C, 0x65, 0x29, 0x29,
    0x20, 0x7B, 0x0A, 0x20, 0x20, 0x20, 0x20, 0x20, 0x20, 0x20, 0x20, 0x72, 0x65, 0x74, 0x75, 0x72,
    0x6E, 0x20, 0x74, 0x72, 0x75, 0x65, 0x3B, 0x0A, 0x20, 0x20, 0x20, 0x20, 0x20, 0x20, 0x7D, 0x0A,
    0x20, 0x20, 0x20, 0x20, 0x7D, 0x0A, 0x20, 0x20, 0x20, 0x20, 0x69, 0x66, 0x20, 0x28, 0x68, 0x6F,
    0x73, 0x74, 0x4C, 0x61, 0x62, 0x65, 0x6C, 0x73, 0x2E, 0x74, 0x65, 0x73, 0x74, 0x28, 0x68, 0x6F,
    0x73, 0x74, 0x29, 0x29, 0x20, 0x72, 0x65, 0x74, 0x75, 0x72, 0x6E, 0x20, 0x74, 0x72, 0x75, 0x65,
    0x3B, 0x0A, 0x20, 0x20, 0x20, 0x20, 0x66, 0x6F, 0x72, 0x20, 0x28, 0x63, 0x6F, 0x6E, 0x73, 0x74,
    0x20, 0x74, 0x6F, 0x6B, 0x65, 0x6E, 0x20, 0x6F, 0x66, 0x20, 0x62, 0x6C, 0x6F, 0x63, 0x6B, 0x65,
    0x64, 0x54, 0x6F, 0x6B, 0x65, 0x6E, 0x73, 0x29, 0x20, 0x7B, 0x0A, 0x20, 0x20, 0x20, 0x20, 0x20,
    0x20, 0x69, 0x66, 0x20, 0x28, 0x66, 0x75, 0x6C, 0x6C, 0x2E, 0x69, 0x6E, 0x63, 0x6C, 0x75, 0x64,
    0x65, 0x73, 0x28, 0x74, 0x6F, 0x6B, 0x65, 0x6E, 0x29, 0x29, 0x20, 0x72, 0x65, 0x74, 0x75, 0x72,
    0x6E, 0x20, 0x74, 0x72, 0x75, 0x65, 0x3B, 0x0A, 0x20, 0x20, 0x20, 0x20, 0x7D, 0x0A, 0x20, 0x20,
    0x20, 0x20, 0x72, 0x65, 0x74, 0x75, 0x72, 0x6E, 0x20, 0x66, 0x61, 0x6C, 0x73, 0x65, 0x3B, 0x0A,
    0x20, 0x20, 0x7D, 0x0A, 0x0A, 0x20, 0x20, 0x66, 0x75, 0x6E, 0x63, 0x74, 0x69, 0x6F, 0x6E, 0x20,
    0x6E, 0x65, 0x75, 0x74, 0x72, 0x61, 0x6C, 0x52, 0x65, 0x73, 0x70, 0x6F, 0x6E, 0x73, 0x65, 0x28,
    0x29, 0x20, 0x7B, 0x0A, 0x20, 0x20, 0x20, 0x20, 0x74, 0x72, 0x79, 0x20, 0x7B, 0x20, 0x72, 0x65,
    0x74, 0x75, 0x72, 0x6E, 0x20, 0x50, 0x72, 0x6F, 0x6D, 0x69, 0x73, 0x65, 0x2E, 0x72, 0x65, 0x73,
    0x6F, 0x6C, 0x76, 0x65, 0x28, 0x6E, 0x65, 0x77, 0x20, 0x52, 0x65, 0x73, 0x70, 0x6F, 0x6E, 0x73,
    0x65, 0x28, 0x27, 0x27, 0x2C, 0x20, 0x7B, 0x20, 0x73, 0x74, 0x61, 0x74, 0x75, 0x73, 0x3A, 0x20,
    0x32, 0x30, 0x34, 0x2C, 0x20, 0x73, 0x74, 0x61, 0x74, 0x75, 0x73, 0x54, 0x65, 0x78, 0x74, 0x3A,
    0x20, 0x27, 0x42, 0x6C, 0x6F, 0x63, 0x6B, 0x65, 0x64, 0x27, 0x20, 0x7D, 0x29, 0x29, 0x3B, 0x20,
    0x7D, 0x0A, 0x20, 0x20, 0x20, 0x20, 0x63, 0x61, 0x74, 0x63, 0x68, 0x20, 0x28, 0x5F, 0x29, 0x20,
    0x7B, 0x20, 0x72, 0x65, 0x74, 0x75, 0x72, 0x6E, 0x20, 0x50, 0x72, 0x6F, 0x6D, 0x69, 0x73, 0x65,
    0x2E, 0x72, 0x65, 0x6A, 0x65, 0x63, 0x74, 0x28, 0x6E, 0x65, 0x77, 0x20, 0x45, 0x72, 0x72, 0x6F,
    0x72, 0x28, 0x27, 0x42, 0x6C, 0x6F, 0x63, 0x6B, 0x65, 0x64, 0x20, 0x62, 0x79, 0x20, 0x47, 0x6F,
    0x6F, 0x67, 0x6C, 0x65, 0x55, 0x49, 0x27, 0x29, 0x29, 0x3B, 0x20, 0x7D, 0x0A, 0x20, 0x20, 0x7D,
    0x0A, 0x0A, 0x20, 0x20, 0x66, 0x75, 0x6E, 0x63, 0x74, 0x69, 0x6F, 0x6E, 0x20, 0x69, 0x73, 0x59,
    0x6F, 0x75, 0x54, 0x75, 0x62, 0x65, 0x50, 0x6C, 0x61, 0x79, 0x65, 0x72, 0x52, 0x65, 0x73, 0x70,
    0x6F, 0x6E, 0x73, 0x65, 0x28, 0x72, 0x61, 0x77, 0x29, 0x20, 0x7B, 0x0A, 0x20, 0x20, 0x20, 0x20,
    0x69, 0x66, 0x20, 0x28, 0x21, 0x69, 0x73, 0x59, 0x6F, 0x75, 0x54, 0x75, 0x62, 0x65, 0x20, 0x7C,
    0x7C, 0x20, 0x72, 0x61, 0x77, 0x20, 0x3D, 0x3D, 0x20, 0x6E, 0x75, 0x6C, 0x6C, 0x29, 0x20, 0x72,
    0x65, 0x74, 0x75, 0x72, 0x6E, 0x20, 0x66, 0x61, 0x6C, 0x73, 0x65, 0x3B, 0x0A, 0x20, 0x20, 0x20,
    0x20, 0x74, 0x72, 0x79, 0x20, 0x7B, 0x0A, 0x20, 0x20, 0x20, 0x20, 0x20, 0x20, 0x63, 0x6F, 0x6E,
    0x73, 0x74, 0x20, 0x75, 0x72, 0x6C, 0x20, 0x3D, 0x20, 0x6E, 0x65, 0x77, 0x20, 0x55, 0x52, 0x4C,
    0x28, 0x53, 0x74, 0x72, 0x69, 0x6E, 0x67, 0x28, 0x72, 0x61, 0x77, 0x29, 0x2C, 0x20, 0x6C, 0x6F,
    0x63, 0x61, 0x74, 0x69, 0x6F, 0x6E, 0x2E, 0x68, 0x72, 0x65, 0x66, 0x29, 0x3B, 0x0A, 0x20, 0x20,
    0x20, 0x20, 0x20, 0x20, 0x72, 0x65, 0x74, 0x75, 0x72, 0x6E, 0x20, 0x2F, 0x5C, 0x2F, 0x79, 0x6F,
    0x75, 0x74, 0x75, 0x62, 0x65, 0x69, 0x5C, 0x2F, 0x76, 0x31, 0x5C, 0x2F, 0x28, 0x70, 0x6C, 0x61,
    0x79, 0x65, 0x72, 0x7C, 0x6E, 0x65, 0x78, 0x74, 0x7C, 0x62, 0x72, 0x6F, 0x77, 0x73, 0x65, 0x29,
    0x28, 0x3F, 0x3A, 0x5C, 0x3F, 0x7C, 0x24, 0x29, 0x2F, 0x69, 0x2E, 0x74, 0x65, 0x73, 0x74, 0x28,
    0x75, 0x72, 0x6C, 0x2E, 0x70, 0x61, 0x74, 0x68, 0x6E, 0x61, 0x6D, 0x65, 0x20, 0x2B, 0x20, 0x75,
    0x72, 0x6C, 0x2E, 0x73, 0x65, 0x61, 0x72, 0x63, 0x68, 0x29, 0x3B, 0x0A, 0x20, 0x20, 0x20, 0x20,
    0x7D, 0x20, 0x63, 0x61, 0x74, 0x63, 0x68, 0x20, 0x28, 0x5F, 0x29, 0x20, 0x7B, 0x0A, 0x20, 0x20,
    0x20, 0x20, 0x20, 0x20, 0x72, 0x65, 0x74, 0x75, 0x72, 0x6E, 0x20, 0x66, 0x61, 0x6C, 0x73, 0x65,
    0x3B, 0x0A, 0x20, 0x20, 0x20, 0x20, 0x7D, 0x0A, 0x20, 0x20, 0x7D, 0x0A, 0x0A, 0x20, 0x20, 0x66,
    0x75, 0x6E, 0x63, 0x74, 0x69, 0x6F, 0x6E, 0x20, 0x73, 0x61, 0x6E, 0x69, 0x74, 0x69, 0x7A, 0x65,
    0x59, 0x6F, 0x75, 0x54, 0x75, 0x62, 0x65, 0x54, 0x65, 0x78, 0x74, 0x28, 0x74, 0x65, 0x78, 0x74,
    0x29, 0x20, 0x7B, 0x0A, 0x20, 0x20, 0x20, 0x20, 0x69, 0x66, 0x20, 0x28, 0x21, 0x69, 0x73, 0x59,
    0x6F, 0x75, 0x54, 0x75, 0x62, 0x65, 0x20, 0x7C, 0x7C, 0x20, 0x74, 0x79, 0x70, 0x65, 0x6F, 0x66,
    0x20, 0x74, 0x65, 0x78, 0x74, 0x20, 0x21, 0x3D, 0x3D, 0x20, 0x27, 0x73, 0x74, 0x72, 0x69, 0x6E,
    0x67, 0x27, 0x20, 0x7C, 0x7C, 0x20, 0x21, 0x74, 0x65, 0x78, 0x74, 0x29, 0x20, 0x72, 0x65, 0x74,
    0x75, 0x72, 0x6E, 0x20, 0x74, 0x65, 0x78, 0x74, 0x3B, 0x0A, 0x20, 0x20, 0x20, 0x20, 0x74, 0x72,
    0x79, 0x20, 0x7B, 0x0A, 0x20, 0x20, 0x20, 0x20, 0x20, 0x20, 0x63, 0x6F, 0x6E, 0x73, 0x74, 0x20,
    0x70, 0x61, 0x72, 0x73, 0x65, 0x20, 0x3D, 0x20, 0x73, 0x74, 0x61, 0x74, 0x65, 0x2E, 0x6F, 0x72,
    0x69, 0x67, 0x69, 0x6E, 0x61, 0x6C, 0x73, 0x2E, 0x6A, 0x73, 0x6F, 0x6E, 0x50, 0x61, 0x72, 0x73,
    0x65, 0x20, 0x7C, 0x7C, 0x20, 0x4A, 0x53, 0x4F, 0x4E, 0x2E, 0x70, 0x61, 0x72, 0x73, 0x65, 0x3B,
    0x0A, 0x20, 0x20, 0x20, 0x20, 0x20, 0x20, 0x63, 0x6F, 0x6E, 0x73, 0x74, 0x20, 0x76, 0x61, 0x6C,
    0x75, 0x65, 0x20, 0x3D, 0x20, 0x70, 0x61, 0x72, 0x73, 0x65, 0x2E, 0x63, 0x61, 0x6C, 0x6C, 0x28,
    0x4A, 0x53, 0x4F, 0x4E, 0x2C, 0x20, 0x74, 0x65, 0x78, 0x74, 0x29, 0x3B, 0x0A, 0x20, 0x20, 0x20,
    0x20, 0x20, 0x20, 0x72, 0x65, 0x74, 0x75, 0x72, 0x6E, 0x20, 0x4A, 0x53, 0x4F, 0x4E, 0x2E, 0x73,
    0x74, 0x72, 0x69, 0x6E, 0x67, 0x69, 0x66, 0x79, 0x28, 0x73, 0x74, 0x72, 0x69, 0x70, 0x59, 0x6F,
    0x75, 0x54, 0x75, 0x62, 0x65, 0x41, 0x64, 0x73, 0x28, 0x76, 0x61, 0x6C, 0x75, 0x65, 0x29, 0x29,
    0x3B, 0x0A, 0x20, 0x20, 0x20, 0x20, 0x7D, 0x20, 0x63, 0x61, 0x74, 0x63, 0x68, 0x20, 0x28, 0x5F,
    0x29, 0x20, 0x7B, 0x0A, 0x20, 0x20, 0x20, 0x20, 0x20, 0x20, 0x72, 0x65, 0x74, 0x75, 0x72, 0x6E,
    0x20, 0x74, 0x65, 0x78, 0x74, 0x3B, 0x0A, 0x20, 0x20, 0x20, 0x20, 0x7D, 0x0A, 0x20, 0x20, 0x7D,
    0x0A, 0x0A, 0x20, 0x20, 0x66, 0x75, 0x6E, 0x63, 0x74, 0x69, 0x6F, 0x6E, 0x20, 0x69, 0x73, 0x45,
    0x78, 0x70, 0x6C, 0x69, 0x63, 0x69, 0x74, 0x41, 0x64, 0x4E, 0x6F, 0x64, 0x65, 0x28, 0x65, 0x6C,
    0x65, 0x6D, 0x65, 0x6E, 0x74, 0x29, 0x20, 0x7B, 0x0A, 0x20, 0x20, 0x20, 0x20, 0x69, 0x66, 0x20,
    0x28, 0x21, 0x65, 0x6C, 0x65, 0x6D, 0x65, 0x6E, 0x74, 0x20, 0x7C, 0x7C, 0x20, 0x65, 0x6C, 0x65,
    0x6D, 0x65, 0x6E, 0x74, 0x2E, 0x6E, 0x6F, 0x64, 0x65, 0x54, 0x79, 0x70, 0x65, 0x20, 0x21, 0x3D,
    0x3D, 0x20, 0x31, 0x20, 0x7C, 0x7C, 0x20, 0x21, 0x65, 0x6C, 0x65, 0x6D, 0x65, 0x6E, 0x74, 0x2E,
    0x6D, 0x61, 0x74, 0x63, 0x68, 0x65, 0x73, 0x29, 0x20, 0x72, 0x65, 0x74, 0x75, 0x72, 0x6E, 0x20,
    0x66, 0x61, 0x6C, 0x73, 0x65, 0x3B, 0x0A, 0x20, 0x20, 0x20, 0x20, 0x74, 0x72, 0x79, 0x20, 0x7B,
    0x20, 0x72, 0x65, 0x74, 0x75, 0x72, 0x6E, 0x20, 0x65, 0x6C, 0x65, 0x6D, 0x65, 0x6E, 0x74, 0x2E,
    0x6D, 0x61, 0x74, 0x63, 0x68, 0x65, 0x73, 0x28, 0x65, 0x78, 0x70, 0x6C, 0x69, 0x63, 0x69, 0x74,
    0x41, 0x64, 0x53, 0x65, 0x6C, 0x65, 0x63, 0x74, 0x6F, 0x72, 0x29, 0x3B, 0x20, 0x7D, 0x20, 0x63,
    0x61, 0x74, 0x63, 0x68, 0x20, 0x28, 0x5F, 0x29, 0x20, 0x7B, 0x20, 0x72, 0x65, 0x74, 0x75, 0x72,
    0x6E, 0x20, 0x66, 0x61, 0x6C, 0x73, 0x65, 0x3B, 0x20, 0x7D, 0x0A, 0x20, 0x20, 0x7D, 0x0A, 0x0A,
    0x20, 0x20, 0x66, 0x75, 0x6E, 0x63, 0x74, 0x69, 0x6F, 0x6E, 0x20, 0x69, 0x73, 0x50, 0x72, 0x6F,
    0x74, 0x65, 0x63, 0x74, 0x65, 0x64, 0x4D, 0x65, 0x64, 0x69, 0x61, 0x4E, 0x6F, 0x64, 0x65, 0x28,
    0x65, 0x6C, 0x65, 0x6D, 0x65, 0x6E, 0x74, 0x29, 0x20, 0x7B, 0x0A, 0x20, 0x20, 0x20, 0x20, 0x69,
    0x66, 0x20, 0x28, 0x21, 0x65, 0x6C, 0x65, 0x6D, 0x65, 0x6E, 0x74, 0x20, 0x7C, 0x7C, 0x20, 0x65,
    0x6C, 0x65, 0x6D, 0x65, 0x6E, 0x74, 0x2E, 0x6E, 0x6F, 0x64, 0x65, 0x54, 0x79, 0x70, 0x65, 0x20,
    0x21, 0x3D, 0x3D, 0x20, 0x31, 0x29, 0x20, 0x72, 0x65, 0x74, 0x75, 0x72, 0x6E, 0x20, 0x66, 0x61,
    0x6C, 0x73, 0x65, 0x3B, 0x0A, 0x20, 0x20, 0x20, 0x20, 0x69, 0x66, 0x20, 0x28, 0x69, 0x73, 0x45,
    0x78, 0x70, 0x6C, 0x69, 0x63, 0x69, 0x74, 0x41, 0x64, 0x4E, 0x6F, 0x64, 0x65, 0x28, 0x65, 0x6C,
    0x65, 0x6D, 0x65, 0x6E, 0x74, 0x29, 0x29, 0x20, 0x72, 0x65, 0x74, 0x75, 0x72, 0x6E, 0x20, 0x66,
    0x61, 0x6C, 0x73, 0x65, 0x3B, 0x0A, 0x20, 0x20, 0x20, 0x20, 0x74, 0x72, 0x79, 0x20, 0x7B, 0x0A,
    0x20, 0x20, 0x20, 0x20, 0x20, 0x20, 0x69, 0x66, 0x20, 0x28, 0x65, 0x6C, 0x65, 0x6D, 0x65, 0x6E,
    0x74, 0x2E, 0x6D, 0x61, 0x74, 0x63, 0x68, 0x65, 0x73, 0x20, 0x26, 0x26, 0x20, 0x65, 0x6C, 0x65,
    0x6D, 0x65, 0x6E, 0x74, 0x2E, 0x6D, 0x61, 0x74, 0x63, 0x68, 0x65, 0x73, 0x28, 0x70, 0x72, 0x6F,
    0x74, 0x65, 0x63, 0x74, 0x65, 0x64, 0x4D, 0x65, 0x64, 0x69, 0x61, 0x53, 0x65, 0x6C, 0x65, 0x63,
    0x74, 0x6F, 0x72, 0x29, 0x29, 0x20, 0x72, 0x65, 0x74, 0x75, 0x72, 0x6E, 0x20, 0x74, 0x72, 0x75,
    0x65, 0x3B, 0x0A, 0x20, 0x20, 0x20, 0x20, 0x20, 0x20, 0x63, 0x6F, 0x6E, 0x73, 0x74, 0x20, 0x70,
    0x72, 0x6F, 0x74, 0x65, 0x63, 0x74, 0x65, 0x64, 0x41, 0x6E, 0x63, 0x65, 0x73, 0x74, 0x6F, 0x72,
    0x20, 0x3D, 0x20, 0x65, 0x6C, 0x65, 0x6D, 0x65, 0x6E, 0x74, 0x2E, 0x63, 0x6C, 0x6F, 0x73, 0x65,
    0x73, 0x74, 0x20, 0x26, 0x26, 0x20, 0x65, 0x6C, 0x65, 0x6D, 0x65, 0x6E, 0x74, 0x2E, 0x63, 0x6C,
    0x6F, 0x73, 0x65, 0x73, 0x74, 0x28, 0x70, 0x72, 0x6F, 0x74, 0x65, 0x63, 0x74, 0x65, 0x64, 0x4D,
    0x65, 0x64, 0x69, 0x61, 0x53, 0x65, 0x6C, 0x65, 0x63, 0x74, 0x6F, 0x72, 0x29, 0x3B, 0x0A, 0x20,
    0x20, 0x20, 0x20, 0x20, 0x20, 0x69, 0x66, 0x20, 0x28, 0x21, 0x70, 0x72, 0x6F, 0x74, 0x65, 0x63,
    0x74, 0x65, 0x64, 0x41, 0x6E, 0x63, 0x65, 0x73, 0x74, 0x6F, 0x72, 0x29, 0x20, 0x72, 0x65, 0x74,
    0x75, 0x72, 0x6E, 0x20, 0x66, 0x61, 0x6C, 0x73, 0x65, 0x3B, 0x0A, 0x20, 0x20, 0x20, 0x20, 0x20,
    0x20, 0x2F, 0x2F, 0x20, 0x41, 0x64, 0x20, 0x6F, 0x76, 0x65, 0x72, 0x6C, 0x61, 0x79, 0x73, 0x20,
    0x61, 0x6E, 0x64, 0x20, 0x61, 0x64, 0x20, 0x72, 0x65, 0x6E, 0x64, 0x65, 0x72, 0x65, 0x72, 0x20,
    0x63, 0x68, 0x69, 0x6C, 0x64, 0x72, 0x65, 0x6E, 0x20, 0x69, 0x6E, 0x73, 0x69, 0x64, 0x65, 0x20,
    0x61, 0x20, 0x70, 0x72, 0x6F, 0x74, 0x65, 0x63, 0x74, 0x65, 0x64, 0x20, 0x70, 0x6C, 0x61, 0x79,
    0x65, 0x72, 0x20, 0x6D, 0x61, 0x79, 0x20, 0x73, 0x74, 0x69, 0x6C, 0x6C, 0x20, 0x62, 0x65, 0x20,
    0x72, 0x65, 0x6D, 0x6F, 0x76, 0x65, 0x64, 0x2E, 0x0A, 0x20, 0x20, 0x20, 0x20, 0x20, 0x20, 0x72,
    0x65, 0x74, 0x75, 0x72, 0x6E, 0x20, 0x21, 0x69, 0x73, 0x45, 0x78, 0x70, 0x6C, 0x69, 0x63, 0x69,
    0x74, 0x41, 0x64, 0x4E, 0x6F, 0x64, 0x65, 0x28, 0x65, 0x6C, 0x65, 0x6D, 0x65, 0x6E, 0x74, 0x29,
    0x3B, 0x0A, 0x20, 0x20, 0x20, 0x20, 0x7D, 0x20, 0x63, 0x61, 0x74, 0x63, 0x68, 0x20, 0x28, 0x5F,
    0x29, 0x20, 0x7B, 0x0A, 0x20, 0x20, 0x20, 0x20, 0x20, 0x20, 0x72, 0x65, 0x74, 0x75, 0x72, 0x6E,
    0x20, 0x66, 0x61, 0x6C, 0x73, 0x65, 0x3B, 0x0A, 0x20, 0x20, 0x20, 0x20, 0x7D, 0x0A, 0x20, 0x20,
    0x7D, 0x0A, 0x0A, 0x20, 0x20, 0x66, 0x75, 0x6E, 0x63, 0x74, 0x69, 0x6F, 0x6E, 0x20, 0x73, 0x74,
    0x72, 0x69, 0x70, 0x59, 0x6F, 0x75, 0x54, 0x75, 0x62, 0x65, 0x41, 0x64, 0x73, 0x28, 0x76, 0x61,
    0x6C, 0x75, 0x65, 0x2C, 0x20, 0x64, 0x65, 0x70, 0x74, 0x68, 0x20, 0x3D, 0x20, 0x30, 0x2C, 0x20,
    0x73, 0x65, 0x65, 0x6E, 0x20, 0x3D, 0x20, 0x6E, 0x75, 0x6C, 0x6C, 0x29, 0x20, 0x7B, 0x0A, 0x20,
    0x20, 0x20, 0x20, 0x69, 0x66, 0x20, 0x28, 0x21, 0x69, 0x73, 0x59, 0x6F, 0x75, 0x54, 0x75, 0x62,
    0x65, 0x20, 0x7C, 0x7C, 0x20, 0x76, 0x61, 0x6C, 0x75, 0x65, 0x20, 0x3D, 0x3D, 0x20, 0x6E, 0x75,
    0x6C, 0x6C, 0x20, 0x7C, 0x7C, 0x20, 0x74, 0x79, 0x70, 0x65, 0x6F, 0x66, 0x20, 0x76, 0x61, 0x6C,
    0x75, 0x65, 0x20, 0x21, 0x3D, 0x3D, 0x20, 0x27, 0x6F, 0x62, 0x6A, 0x65, 0x63, 0x74, 0x27, 0x20,
    0x7C, 0x7C, 0x20, 0x64, 0x65, 0x70, 0x74, 0x68, 0x20, 0x3E, 0x20, 0x31, 0x32, 0x29, 0x20, 0x72,
    0x65, 0x74, 0x75, 0x72, 0x6E, 0x20, 0x76, 0x61, 0x6C, 0x75, 0x65, 0x3B, 0x0A, 0x20, 0x20, 0x20,
    0x20, 0x69, 0x66, 0x20, 0x28, 0x21, 0x73, 0x65, 0x65, 0x6E, 0x29, 0x20, 0x73, 0x65, 0x65, 0x6E,
    0x20, 0x3D, 0x20, 0x6E, 0x65, 0x77, 0x20, 0x57, 0x65, 0x61, 0x6B, 0x53, 0x65, 0x74, 0x28, 0x29,
    0x3B, 0x0A, 0x20, 0x20, 0x20, 0x20, 0x69, 0x66, 0x20, 0x28, 0x73, 0x65, 0x65, 0x6E, 0x2E, 0x68,
    0x61, 0x73, 0x28, 0x76, 0x61, 0x6C, 0x75, 0x65, 0x29, 0x29, 0x20, 0x72, 0x65, 0x74, 0x75, 0x72,
    0x6E, 0x20, 0x76, 0x61, 0x6C, 0x75, 0x65, 0x3B, 0x0A, 0x20, 0x20, 0x20, 0x20, 0x73, 0x65, 0x65,
    0x6E, 0x2E, 0x61, 0x64, 0x64, 0x28, 0x76, 0x61, 0x6C, 0x75, 0x65, 0x29, 0x3B, 0x0A, 0x20, 0x20,
    0x20, 0x20, 0x63, 0x6F, 0x6E, 0x73, 0x74, 0x20, 0x65, 0x78, 0x61, 0x63, 0x74, 0x4B, 0x65, 0x79,
    0x73, 0x20, 0x3D, 0x20, 0x6E, 0x65, 0x77, 0x20, 0x53, 0x65, 0x74, 0x28, 0x5B, 0x0A, 0x20, 0x20,
    0x20, 0x20, 0x20, 0x20, 0x27, 0x61, 0x64, 0x70, 0x6C, 0x61, 0x63, 0x65, 0x6D, 0x65, 0x6E, 0x74,
    0x73, 0x27, 0x2C, 0x20, 0x27, 0x70, 0x6C, 0x61, 0x79, 0x65, 0x72, 0x61, 0x64, 0x73, 0x27, 0x2C,
    0x20, 0x27, 0x61, 0x64, 0x73, 0x6C, 0x6F, 0x74, 0x73, 0x27, 0x2C, 0x20, 0x27, 0x61, 0x64, 0x62,
    0x72, 0x65, 0x61, 0x6B, 0x68, 0x65, 0x61, 0x72, 0x74, 0x62, 0x65, 0x61, 0x74, 0x70, 0x61, 0x72,
    0x61, 0x6D, 0x73, 0x27, 0x2C, 0x20, 0x27, 0x61, 0x64, 0x70, 0x61, 0x72, 0x61, 0x6D, 0x73, 0x27,
    0x2C, 0x0A, 0x20, 0x20, 0x20, 0x20, 0x20, 0x20, 0x27, 0x61, 0x64, 0x73, 0x69, 0x67, 0x6E, 0x61,
    0x6C, 0x73, 0x69, 0x6E, 0x66, 0x6F, 0x27, 0x2C, 0x20, 0x27, 0x61, 0x64, 0x70, 0x6C, 0x61, 0x63,
    0x65, 0x6D, 0x65, 0x6E, 0x74, 0x63, 0x6F, 0x6E, 0x66, 0x69, 0x67, 0x27, 0x2C, 0x20, 0x27, 0x61,
    0x64, 0x70, 0x6C, 0x61, 0x63, 0x65, 0x6D, 0x65, 0x6E, 0x74, 0x72, 0x65, 0x6E, 0x64, 0x65, 0x72,
    0x65, 0x72, 0x27, 0x2C, 0x20, 0x27, 0x61, 0x64, 0x6C, 0x61, 0x79, 0x6F, 0x75, 0x74, 0x6D, 0x65,
    0x74, 0x61, 0x64, 0x61, 0x74, 0x61, 0x27, 0x2C, 0x0A, 0x20, 0x20, 0x20, 0x20, 0x20, 0x20, 0x27,
    0x61, 0x64, 0x62, 0x72, 0x65, 0x61, 0x6B, 0x73, 0x65, 0x72, 0x76, 0x69, 0x63, 0x65, 0x72, 0x65,
    0x6E, 0x64, 0x65, 0x72, 0x65, 0x72, 0x27, 0x2C, 0x20, 0x27, 0x69, 0x6E, 0x73, 0x74, 0x72, 0x65,
    0x61, 0x6D, 0x76, 0x69, 0x64, 0x65, 0x6F, 0x61, 0x64, 0x72, 0x65, 0x6E, 0x64, 0x65, 0x72, 0x65,
    0x72, 0x27, 0x2C, 0x20, 0x27, 0x6C, 0x69, 0x6E, 0x65, 0x61, 0x72, 0x61, 0x64, 0x73, 0x65, 0x71,
    0x75, 0x65, 0x6E, 0x63, 0x65, 0x72, 0x65, 0x6E, 0x64, 0x65, 0x72, 0x65, 0x72, 0x27, 0x2C, 0x0A,
    0x20, 0x20, 0x20, 0x20, 0x20, 0x20, 0x27, 0x64, 0x69, 0x73, 0x70, 0x6C, 0x61, 0x79, 0x61, 0x64,
    0x72, 0x65, 0x6E, 0x64, 0x65, 0x72, 0x65, 0x72, 0x27, 0x2C, 0x20, 0x27, 0x61, 0x64, 0x73, 0x6C,
    0x6F, 0x74, 0x72, 0x65, 0x6E, 0x64, 0x65, 0x72, 0x65, 0x72, 0x27, 0x2C, 0x20, 0x27, 0x69, 0x6E,
    0x66, 0x65, 0x65, 0x64, 0x61, 0x64, 0x6C, 0x61, 0x79, 0x6F, 0x75, 0x74, 0x72, 0x65, 0x6E, 0x64,
    0x65, 0x72, 0x65, 0x72, 0x27, 0x2C, 0x0A, 0x20, 0x20, 0x20, 0x20, 0x20, 0x20, 0x27, 0x6D, 0x61,
    0x73, 0x74, 0x68, 0x65, 0x61, 0x64, 0x61, 0x64, 0x72, 0x65, 0x6E, 0x64, 0x65, 0x72, 0x65, 0x72,
    0x27, 0x2C, 0x20, 0x27, 0x63, 0x6F, 0x6D, 0x70, 0x61, 0x6E, 0x69, 0x6F, 0x6E, 0x61, 0x64, 0x72,
    0x65, 0x6E, 0x64, 0x65, 0x72, 0x65, 0x72, 0x27, 0x2C, 0x20, 0x27, 0x61, 0x63, 0x74, 0x69, 0x6F,
    0x6E, 0x63, 0x6F, 0x6D, 0x70, 0x61, 0x6E, 0x69, 0x6F, 0x6E, 0x61, 0x64, 0x72, 0x65, 0x6E, 0x64,
    0x65, 0x72, 0x65, 0x72, 0x27, 0x2C, 0x0A, 0x20, 0x20, 0x20, 0x20, 0x20, 0x20, 0x27, 0x70, 0x72,
    0x6F, 0x6D, 0x6F, 0x74, 0x65, 0x64, 0x76, 0x69, 0x64, 0x65, 0x6F, 0x72, 0x65, 0x6E, 0x64, 0x65,
    0x72, 0x65, 0x72, 0x27, 0x2C, 0x20, 0x27, 0x63, 0x6F, 0x6D, 0x70, 0x61, 0x63, 0x74, 0x70, 0x72,
    0x6F, 0x6D, 0x6F, 0x74, 0x65, 0x64, 0x76, 0x69, 0x64, 0x65, 0x6F, 0x72, 0x65, 0x6E, 0x64, 0x65,
    0x72, 0x65, 0x72, 0x27, 0x2C, 0x0A, 0x20, 0x20, 0x20, 0x20, 0x20, 0x20, 0x27, 0x70, 0x72, 0x6F,
    0x6D, 0x6F, 0x74, 0x65, 0x64, 0x73, 0x70, 0x61, 0x72, 0x6B, 0x6C, 0x65, 0x73, 0x77, 0x65, 0x62,
    0x72, 0x65, 0x6E, 0x64, 0x65, 0x72, 0x65, 0x72, 0x27, 0x2C, 0x20, 0x27, 0x70, 0x72, 0x6F, 0x6D,
    0x6F, 0x74, 0x65, 0x64, 0x73, 0x70, 0x61, 0x72, 0x6B, 0x6C, 0x65, 0x73, 0x74, 0x65, 0x78, 0x74,
    0x73, 0x65, 0x61, 0x72, 0x63, 0x68, 0x72, 0x65, 0x6E, 0x64, 0x65, 0x72, 0x65, 0x72, 0x27, 0x2C,
    0x0A, 0x20, 0x20, 0x20, 0x20, 0x20, 0x20, 0x27, 0x70, 0x6C, 0x61, 0x79, 0x65, 0x72, 0x6C, 0x65,
    0x67, 0x61, 0x63, 0x79, 0x64, 0x65, 0x73, 0x6B, 0x74, 0x6F, 0x70, 0x77, 0x61, 0x74, 0x63, 0x68,
    0x61, 0x64, 0x73, 0x72, 0x65, 0x6E, 0x64, 0x65, 0x72, 0x65, 0x72, 0x27, 0x0A, 0x20, 0x20, 0x20,
    0x20, 0x5D, 0x29, 0x3B, 0x0A, 0x20, 0x20, 0x20, 0x20, 0x69, 0x66, 0x20, 0x28, 0x41, 0x72, 0x72,
    0x61, 0x79, 0x2E, 0x69, 0x73, 0x41, 0x72, 0x72, 0x61, 0x79, 0x28, 0x76, 0x61, 0x6C, 0x75, 0x65,
    0x29, 0x29, 0x20, 0x7B, 0x0A, 0x20, 0x20, 0x20, 0x20, 0x20, 0x20, 0x66, 0x6F, 0x72, 0x20, 0x28,
    0x6C, 0x65, 0x74, 0x20, 0x69, 0x20, 0x3D, 0x20, 0x76, 0x61, 0x6C, 0x75, 0x65, 0x2E, 0x6C, 0x65,
    0x6E, 0x67, 0x74, 0x68, 0x20, 0x2D, 0x20, 0x31, 0x3B, 0x20, 0x69, 0x20, 0x3E, 0x3D, 0x20, 0x30,
    0x3B, 0x20, 0x2D, 0x2D, 0x69, 0x29, 0x20, 0x7B, 0x0A, 0x20, 0x20, 0x20, 0x20, 0x20, 0x20, 0x20,
    0x20, 0x63, 0x6F, 0x6E, 0x73, 0x74, 0x20, 0x69, 0x74, 0x65, 0x6D, 0x20, 0x3D, 0x20, 0x76, 0x61,
    0x6C, 0x75, 0x65, 0x5B, 0x69, 0x5D, 0x3B, 0x0A, 0x20, 0x20, 0x20, 0x20, 0x20, 0x20, 0x20, 0x20,
    0x69, 0x66, 0x20, 0x28, 0x69, 0x74, 0x65, 0x6D, 0x20, 0x26, 0x26, 0x20, 0x74, 0x79, 0x70, 0x65,
    0x6F, 0x66, 0x20, 0x69, 0x74, 0x65, 0x6D, 0x20, 0x3D, 0x3D, 0x3D, 0x20, 0x27, 0x6F, 0x62, 0x6A,
    0x65, 0x63, 0x74, 0x27, 0x29, 0x20, 0x7B, 0x0A, 0x20, 0x20, 0x20, 0x20, 0x20, 0x20, 0x20, 0x20,
    0x20, 0x20, 0x63, 0x6F, 0x6E, 0x73, 0x74, 0x20, 0x6B, 0x65, 0x79, 0x73, 0x20, 0x3D, 0x20, 0x4F,
    0x62, 0x6A, 0x65, 0x63, 0x74, 0x2E, 0x6B, 0x65, 0x79, 0x73, 0x28, 0x69, 0x74, 0x65, 0x6D, 0x29,
    0x2E, 0x6D, 0x61, 0x70, 0x28, 0x6B, 0x20, 0x3D, 0x3E, 0x20, 0x53, 0x74, 0x72, 0x69, 0x6E, 0x67,
    0x28, 0x6B, 0x29, 0x2E, 0x74, 0x6F, 0x4C, 0x6F, 0x77, 0x65, 0x72, 0x43, 0x61, 0x73, 0x65, 0x28,
    0x29, 0x29, 0x3B, 0x0A, 0x20, 0x20, 0x20, 0x20, 0x20, 0x20, 0x20, 0x20, 0x20, 0x20, 0x69, 0x66,
    0x20, 0x28, 0x6B, 0x65, 0x79, 0x73, 0x2E, 0x73, 0x6F, 0x6D, 0x65, 0x28, 0x6B, 0x20, 0x3D, 0x3E,
    0x20, 0x65, 0x78, 0x61, 0x63, 0x74, 0x4B, 0x65, 0x79, 0x73, 0x2E, 0x68, 0x61, 0x73, 0x28, 0x6B,
    0x29, 0x20, 0x7C, 0x7C, 0x20, 0x28, 0x6B, 0x2E, 0x65, 0x6E, 0x64, 0x73, 0x57, 0x69, 0x74, 0x68,
    0x28, 0x27, 0x61, 0x64, 0x72, 0x65, 0x6E, 0x64, 0x65, 0x72, 0x65, 0x72, 0x27, 0x29, 0x20, 0x26,
    0x26, 0x20, 0x6B, 0x20, 0x21, 0x3D, 0x3D, 0x20, 0x27, 0x62, 0x61, 0x64, 0x67, 0x65, 0x52, 0x65,
    0x6E, 0x64, 0x65, 0x72, 0x65, 0x72, 0x27, 0x2E, 0x74, 0x6F, 0x4C, 0x6F, 0x77, 0x65, 0x72, 0x43,
    0x61, 0x73, 0x65, 0x28, 0x29, 0x29, 0x20, 0x7C, 0x7C, 0x20, 0x28, 0x6B, 0x2E, 0x69, 0x6E, 0x63,
    0x6C, 0x75, 0x64, 0x65, 0x73, 0x28, 0x27, 0x70, 0x72, 0x6F, 0x6D, 0x6F, 0x74, 0x65, 0x64, 0x27,
    0x29, 0x20, 0x26, 0x26, 0x20, 0x6B, 0x2E, 0x65, 0x6E, 0x64, 0x73, 0x57, 0x69, 0x74, 0x68, 0x28,
    0x27, 0x72, 0x65, 0x6E, 0x64, 0x65, 0x72, 0x65, 0x72, 0x27, 0x29, 0x29, 0x29, 0x29, 0x20, 0x7B,
    0x0A, 0x20, 0x20, 0x20, 0x20, 0x20, 0x20, 0x20, 0x20, 0x20, 0x20, 0x20, 0x20, 0x76, 0x61, 0x6C,
    0x75, 0x65, 0x2E, 0x73, 0x70, 0x6C, 0x69, 0x63, 0x65, 0x28, 0x69, 0x2C, 0x20, 0x31, 0x29, 0x3B,
    0x0A, 0x20, 0x20, 0x20, 0x20, 0x20, 0x20, 0x20, 0x20, 0x20, 0x20, 0x20, 0x20, 0x63, 0x6F, 0x6E,
    0x74, 0x69, 0x6E, 0x75, 0x65, 0x3B, 0x0A, 0x20, 0x20, 0x20, 0x20, 0x20, 0x20, 0x20, 0x20, 0x20,
    0x20, 0x7D, 0x0A, 0x20, 0x20, 0x20, 0x20, 0x20, 0x20, 0x20, 0x20, 0x20, 0x20, 0x73, 0x74, 0x72,
    0x69, 0x70, 0x59, 0x6F, 0x75, 0x54, 0x75, 0x62, 0x65, 0x41, 0x64, 0x73, 0x28, 0x69, 0x74, 0x65,
    0x6D, 0x2C, 0x20, 0x64, 0x65, 0x70, 0x74, 0x68, 0x20, 0x2B, 0x20, 0x31, 0x2C, 0x20, 0x73, 0x65,
    0x65, 0x6E, 0x29, 0x3B, 0x0A, 0x20, 0x20, 0x20, 0x20, 0x20, 0x20, 0x20, 0x20, 0x7D, 0x0A, 0x20,
    0x20, 0x20, 0x20, 0x20, 0x20, 0x7D, 0x0A, 0x20, 0x20, 0x20, 0x20, 0x20, 0x20, 0x72, 0x65, 0x74,
    0x75, 0x72, 0x6E, 0x20, 0x76, 0x61, 0x6C, 0x75, 0x65, 0x3B, 0x0A, 0x20, 0x20, 0x20, 0x20, 0x7D,
    0x0A, 0x20, 0x20, 0x20, 0x20, 0x66, 0x6F, 0x72, 0x20, 0x28, 0x63, 0x6F, 0x6E, 0x73, 0x74, 0x20,
    0x6B, 0x65, 0x79, 0x20, 0x6F, 0x66, 0x20, 0x4F, 0x62, 0x6A, 0x65, 0x63, 0x74, 0x2E, 0x6B, 0x65,
    0x79, 0x73, 0x28, 0x76, 0x61, 0x6C, 0x75, 0x65, 0x29, 0x29, 0x20, 0x7B, 0x0A, 0x20, 0x20, 0x20,
    0x20, 0x20, 0x20, 0x63, 0x6F, 0x6E, 0x73, 0x74, 0x20, 0x6C, 0x6F, 0x77, 0x65, 0x72, 0x20, 0x3D,
    0x20, 0x53, 0x74, 0x72, 0x69, 0x6E, 0x67, 0x28, 0x6B, 0x65, 0x79, 0x29, 0x2E, 0x74, 0x6F, 0x4C,
    0x6F, 0x77, 0x65, 0x72, 0x43, 0x61, 0x73, 0x65, 0x28, 0x29, 0x3B, 0x0A, 0x20, 0x20, 0x20, 0x20,
    0x20, 0x20, 0x69, 0x66, 0x20, 0x28, 0x65, 0x78, 0x61, 0x63, 0x74, 0x4B, 0x65, 0x79, 0x73, 0x2E,
    0x68, 0x61, 0x73, 0x28, 0x6C, 0x6F, 0x77, 0x65, 0x72, 0x29, 0x20, 0x7C, 0x7C, 0x20, 0x28, 0x6C,
    0x6F, 0x77, 0x65, 0x72, 0x2E, 0x65, 0x6E, 0x64, 0x73, 0x57, 0x69, 0x74, 0x68, 0x28, 0x27, 0x61,
    0x64, 0x72, 0x65, 0x6E, 0x64, 0x65, 0x72, 0x65, 0x72, 0x27, 0x29, 0x20, 0x26, 0x26, 0x20, 0x6C,
    0x6F, 0x77, 0x65, 0x72, 0x20, 0x21, 0x3D, 0x3D, 0x20, 0x27, 0x62, 0x61, 0x64, 0x67, 0x65, 0x72,
    0x65, 0x6E, 0x64, 0x65, 0x72, 0x65, 0x72, 0x27, 0x29, 0x20, 0x7C, 0x7C, 0x20, 0x28, 0x6C, 0x6F,
    0x77, 0x65, 0x72, 0x2E, 0x69, 0x6E, 0x63, 0x6C, 0x75, 0x64, 0x65, 0x73, 0x28, 0x27, 0x70, 0x72,
    0x6F, 0x6D, 0x6F, 0x74, 0x65, 0x64, 0x27, 0x29, 0x20, 0x26, 0x26, 0x20, 0x6C, 0x6F, 0x77, 0x65,
    0x72, 0x2E, 0x65, 0x6E, 0x64, 0x73, 0x57, 0x69, 0x74, 0x68, 0x28, 0x27, 0x72, 0x65, 0x6E, 0x64,
    0x65, 0x72, 0x65, 0x72, 0x27, 0x29, 0x29, 0x29, 0x20, 0x7B, 0x0A, 0x20, 0x20, 0x20, 0x20, 0x20,
    0x20, 0x20, 0x20, 0x74, 0x72, 0x79, 0x20, 0x7B, 0x20, 0x64, 0x65, 0x6C, 0x65, 0x74, 0x65, 0x20,
    0x76, 0x61, 0x6C, 0x75, 0x65, 0x5B, 0x6B, 0x65, 0x79, 0x5D, 0x3B, 0x20, 0x7D, 0x20, 0x63, 0x61,
    0x74, 0x63, 0x68, 0x20, 0x28, 0x5F, 0x29, 0x20, 0x7B, 0x7D, 0x0A, 0x20, 0x20, 0x20, 0x20, 0x20,
    0x20, 0x20, 0x20, 0x63, 0x6F, 0x6E, 0x74, 0x69, 0x6E, 0x75, 0x65, 0x3B, 0x0A, 0x20, 0x20, 0x20,
    0x20, 0x20, 0x20, 0x7D, 0x0A, 0x20, 0x20, 0x20, 0x20, 0x20, 0x20, 0x73, 0x74, 0x72, 0x69, 0x70,
    0x59, 0x6F, 0x75, 0x54, 0x75, 0x62, 0x65, 0x41, 0x64, 0x73, 0x28, 0x76, 0x61, 0x6C, 0x75, 0x65,
    0x5B, 0x6B, 0x65, 0x79, 0x5D, 0x2C, 0x20, 0x64, 0x65, 0x70, 0x74, 0x68, 0x20, 0x2B, 0x20, 0x31,
    0x2C, 0x20, 0x73, 0x65, 0x65, 0x6E, 0x29, 0x3B, 0x0A, 0x20, 0x20, 0x20, 0x20, 0x7D, 0x0A, 0x20,
    0x20, 0x20, 0x20, 0x72, 0x65, 0x74, 0x75, 0x72, 0x6E, 0x20, 0x76, 0x61, 0x6C, 0x75, 0x65, 0x3B,
    0x0A, 0x20, 0x20, 0x7D, 0x0A, 0x0A, 0x20, 0x20, 0x69, 0x66, 0x20, 0x28, 0x74, 0x79, 0x70, 0x65,
    0x6F, 0x66, 0x20, 0x77, 0x69, 0x6E, 0x64, 0x6F, 0x77, 0x2E, 0x66, 0x65, 0x74, 0x63, 0x68, 0x20,
    0x3D, 0x3D, 0x3D, 0x20, 0x27, 0x66, 0x75, 0x6E, 0x63, 0x74, 0x69, 0x6F, 0x6E, 0x27, 0x29, 0x20,
    0x7B, 0x0A, 0x20, 0x20, 0x20, 0x20, 0x73, 0x74, 0x61, 0x74, 0x65, 0x2E, 0x6F, 0x72, 0x69, 0x67,
    0x69, 0x6E, 0x61, 0x6C, 0x73, 0x2E, 0x66, 0x65, 0x74, 0x63, 0x68, 0x20, 0x3D, 0x20, 0x77, 0x69,
    0x6E, 0x64, 0x6F, 0x77, 0x2E, 0x66, 0x65, 0x74, 0x63, 0x68, 0x3B, 0x0A, 0x20, 0x20, 0x20, 0x20,
    0x77, 0x69, 0x6E, 0x64, 0x6F, 0x77, 0x2E, 0x66, 0x65, 0x74, 0x63, 0x68, 0x20, 0x3D, 0x20, 0x66,
    0x75, 0x6E, 0x63, 0x74, 0x69, 0x6F, 0x6E, 0x28, 0x69, 0x6E, 0x70, 0x75, 0x74, 0x2C, 0x20, 0x69,
    0x6E, 0x69, 0x74, 0x29, 0x20, 0x7B, 0x0A, 0x20, 0x20, 0x20, 0x20, 0x20, 0x20, 0x63, 0x6F, 0x6E,
    0x73, 0x74, 0x20, 0x74, 0x61, 0x72, 0x67, 0x65, 0x74, 0x20, 0x3D, 0x20, 0x69, 0x6E, 0x70, 0x75,
    0x74, 0x20, 0x26, 0x26, 0x20, 0x74, 0x79, 0x70, 0x65, 0x6F, 0x66, 0x20, 0x69, 0x6E, 0x70, 0x75,
    0x74, 0x20, 0x3D, 0x3D, 0x3D, 0x20, 0x27, 0x6F, 0x62, 0x6A, 0x65, 0x63, 0x74, 0x27, 0x20, 0x26,
    0x26, 0x20, 0x27, 0x75, 0x72, 0x6C, 0x27, 0x20, 0x69, 0x6E, 0x20, 0x69, 0x6E, 0x70, 0x75, 0x74,
    0x20, 0x3F, 0x20, 0x69, 0x6E, 0x70, 0x75, 0x74, 0x2E, 0x75, 0x72, 0x6C, 0x20, 0x3A, 0x20, 0x69,
    0x6E, 0x70, 0x75, 0x74, 0x3B, 0x0A, 0x20, 0x20, 0x20, 0x20, 0x20, 0x20, 0x69, 0x66, 0x20, 0x28,
    0x73, 0x68, 0x6F, 0x75, 0x6C, 0x64, 0x42, 0x6C, 0x6F, 0x63, 0x6B, 0x28, 0x74, 0x61, 0x72, 0x67,
    0x65, 0x74, 0x29, 0x29, 0x20, 0x72, 0x65, 0x74, 0x75, 0x72, 0x6E, 0x20, 0x6E, 0x65, 0x75, 0x74,
    0x72, 0x61, 0x6C, 0x52, 0x65, 0x73, 0x70, 0x6F, 0x6E, 0x73, 0x65, 0x28, 0x29, 0x3B, 0x0A, 0x20,
    0x20, 0x20, 0x20, 0x20, 0x20, 0x63, 0x6F, 0x6E, 0x73, 0x74, 0x20, 0x72, 0x65, 0x73, 0x75, 0x6C,
    0x74, 0x20, 0x3D, 0x20, 0x73, 0x74, 0x61, 0x74, 0x65, 0x2E, 0x6F, 0x72, 0x69, 0x67, 0x69, 0x6E,
    0x61, 0x6C, 0x73, 0x2E, 0x66, 0x65, 0x74, 0x63, 0x68, 0x2E, 0x61, 0x70, 0x70, 0x6C, 0x79, 0x28,
    0x74, 0x68, 0x69, 0x73, 0x2C, 0x20, 0x61, 0x72, 0x67, 0x75, 0x6D, 0x65, 0x6E, 0x74, 0x73, 0x29,
    0x3B, 0x0A, 0x20, 0x20, 0x20, 0x20, 0x20, 0x20, 0x69, 0x66, 0x20, 0x28, 0x21, 0x69, 0x73, 0x59,
    0x6F, 0x75, 0x54, 0x75, 0x62, 0x65, 0x50, 0x6C, 0x61, 0x79, 0x65, 0x72, 0x52, 0x65, 0x73, 0x70,
    0x6F, 0x6E, 0x73, 0x65, 0x28, 0x74, 0x61, 0x72, 0x67, 0x65, 0x74, 0x29, 0x29, 0x20, 0x72, 0x65,
    0x74, 0x75, 0x72, 0x6E, 0x20, 0x72, 0x65, 0x73, 0x75, 0x6C, 0x74, 0x3B, 0x0A, 0x20, 0x20, 0x20,
    0x20, 0x20, 0x20, 0x72, 0x65, 0x74, 0x75, 0x72, 0x6E, 0x20, 0x72, 0x65, 0x73, 0x75, 0x6C, 0x74,
    0x2E, 0x74, 0x68, 0x65, 0x6E, 0x28, 0x72, 0x65, 0x73, 0x70, 0x6F, 0x6E, 0x73, 0x65, 0x20, 0x3D,
    0x3E, 0x20, 0x72, 0x65, 0x73, 0x70, 0x6F, 0x6E, 0x73, 0x65, 0x2E, 0x63, 0x6C, 0x6F, 0x6E, 0x65,
    0x28, 0x29, 0x2E, 0x74, 0x65, 0x78, 0x74, 0x28, 0x29, 0x2E, 0x74, 0x68, 0x65, 0x6E, 0x28, 0x74,
    0x65, 0x78, 0x74, 0x20, 0x3D, 0x3E, 0x20, 0x7B, 0x0A, 0x20, 0x20, 0x20, 0x20, 0x20, 0x20, 0x20,
    0x20, 0x63, 0x6F, 0x6E, 0x73, 0x74, 0x20, 0x73, 0x61, 0x6E, 0x69, 0x74, 0x69, 0x7A, 0x65, 0x64,
    0x20, 0x3D, 0x20, 0x73, 0x61, 0x6E, 0x69, 0x74, 0x69, 0x7A, 0x65, 0x59, 0x6F, 0x75, 0x54, 0x75,
    0x62, 0x65, 0x54, 0x65, 0x78, 0x74, 0x28, 0x74, 0x65, 0x78, 0x74, 0x29, 0x3B, 0x0A, 0x20, 0x20,
    0x20, 0x20, 0x20, 0x20, 0x20, 0x20, 0x69, 0x66, 0x20, 0x28, 0x73, 0x61, 0x6E, 0x69, 0x74, 0x69,
    0x7A, 0x65, 0x64, 0x20, 0x3D, 0x3D, 0x3D, 0x20, 0x74, 0x65, 0x78, 0x74, 0x29, 0x20, 0x72, 0x65,
    0x74, 0x75, 0x72, 0x6E, 0x20, 0x72, 0x65, 0x73, 0x70, 0x6F, 0x6E, 0x73, 0x65, 0x3B, 0x0A, 0x20,
    0x20, 0x20, 0x20, 0x20, 0x20, 0x20, 0x20, 0x72, 0x65, 0x74, 0x75, 0x72, 0x6E, 0x20, 0x6E, 0x65,
    0x77, 0x20, 0x52, 0x65, 0x73, 0x70, 0x6F, 0x6E, 0x73, 0x65, 0x28, 0x73, 0x61, 0x6E, 0x69, 0x74,
    0x69, 0x7A, 0x65, 0x64, 0x2C, 0x20, 0x7B, 0x0A, 0x20, 0x20, 0x20, 0x20, 0x20, 0x20, 0x20, 0x20,
    0x20, 0x20, 0x73, 0x74, 0x61, 0x74, 0x75, 0x73, 0x3A, 0x20, 0x72, 0x65, 0x73, 0x70, 0x6F, 0x6E,
    0x73, 0x65, 0x2E, 0x73, 0x74, 0x61, 0x74, 0x75, 0x73, 0x2C, 0x0A, 0x20, 0x20, 0x20, 0x20, 0x20,
    0x20, 0x20, 0x20, 0x20, 0x20, 0x73, 0x74, 0x61, 0x74, 0x75, 0x73, 0x54, 0x65, 0x78, 0x74, 0x3A,
    0x20, 0x72, 0x65, 0x73, 0x70, 0x6F, 0x6E, 0x73, 0x65, 0x2E, 0x73, 0x74, 0x61, 0x74, 0x75, 0x73,
    0x54, 0x65, 0x78, 0x74, 0x2C, 0x0A, 0x20, 0x20, 0x20, 0x20, 0x20, 0x20, 0x20, 0x20, 0x20, 0x20,
    0x68, 0x65, 0x61, 0x64, 0x65, 0x72, 0x73, 0x3A, 0x20, 0x72, 0x65, 0x73, 0x70, 0x6F, 0x6E, 0x73,
    0x65, 0x2E, 0x68, 0x65, 0x61, 0x64, 0x65, 0x72, 0x73, 0x0A, 0x20, 0x20, 0x20, 0x20, 0x20, 0x20,
    0x20, 0x20, 0x7D, 0x29, 0x3B, 0x0A, 0x20, 0x20, 0x20, 0x20, 0x20, 0x20, 0x7D, 0x29, 0x2E, 0x63,
    0x61, 0x74, 0x63, 0x68, 0x28, 0x28, 0x29, 0x20, 0x3D, 0x3E, 0x20, 0x72, 0x65, 0x73, 0x70, 0x6F,
    0x6E, 0x73, 0x65, 0x29, 0x29, 0x3B, 0x0A, 0x20, 0x20, 0x20, 0x20, 0x7D, 0x3B, 0x0A, 0x20, 0x20,
    0x7D, 0x0A, 0x0A, 0x20, 0x20, 0x69, 0x66, 0x20, 0x28, 0x69, 0x73, 0x59, 0x6F, 0x75, 0x54, 0x75,
    0x62, 0x65, 0x20, 0x26, 0x26, 0x20, 0x77, 0x69, 0x6E, 0x64, 0x6F, 0x77, 0x2E, 0x52, 0x65, 0x73,
    0x70, 0x6F, 0x6E, 0x73, 0x65, 0x20, 0x26, 0x26, 0x20, 0x52, 0x65, 0x73, 0x70, 0x6F, 0x6E, 0x73,
    0x65, 0x2E, 0x70, 0x72, 0x6F, 0x74, 0x6F, 0x74, 0x79, 0x70, 0x65, 0x20, 0x26, 0x26, 0x20, 0x74,
    0x79, 0x70, 0x65, 0x6F, 0x66, 0x20, 0x52, 0x65, 0x73, 0x70, 0x6F, 0x6E, 0x73, 0x65, 0x2E, 0x70,
    0x72, 0x6F, 0x74, 0x6F, 0x74, 0x79, 0x70, 0x65, 0x2E, 0x6A, 0x73, 0x6F, 0x6E, 0x20, 0x3D, 0x3D,
    0x3D, 0x20, 0x27, 0x66, 0x75, 0x6E, 0x63, 0x74, 0x69, 0x6F, 0x6E, 0x27, 0x29, 0x20, 0x7B, 0x0A,
    0x20, 0x20, 0x20, 0x20, 0x73, 0x74, 0x61, 0x74, 0x65, 0x2E, 0x6F, 0x72, 0x69, 0x67, 0x69, 0x6E,
    0x61, 0x6C, 0x73, 0x2E, 0x72, 0x65, 0x73, 0x70, 0x6F, 0x6E, 0x73, 0x65, 0x4A, 0x73, 0x6F, 0x6E,
    0x20, 0x3D, 0x20, 0x52, 0x65, 0x73, 0x70, 0x6F, 0x6E, 0x73, 0x65, 0x2E, 0x70, 0x72, 0x6F, 0x74,
    0x6F, 0x74, 0x79, 0x70, 0x65, 0x2E, 0x6A, 0x73, 0x6F, 0x6E, 0x3B, 0x0A, 0x20, 0x20, 0x20, 0x20,
    0x52, 0x65, 0x73, 0x70, 0x6F, 0x6E, 0x73, 0x65, 0x2E, 0x70, 0x72, 0x6F, 0x74, 0x6F, 0x74, 0x79,
    0x70, 0x65, 0x2E, 0x6A, 0x73, 0x6F, 0x6E, 0x20, 0x3D, 0x20, 0x66, 0x75, 0x6E, 0x63, 0x74, 0x69,
    0x6F, 0x6E, 0x28, 0x29, 0x20, 0x7B, 0x0A, 0x20, 0x20, 0x20, 0x20, 0x20, 0x20, 0x72, 0x65, 0x74,
    0x75, 0x72, 0x6E, 0x20, 0x73, 0x74, 0x61, 0x74, 0x65, 0x2E, 0x6F, 0x72, 0x69, 0x67, 0x69, 0x6E,
    0x61, 0x6C, 0x73, 0x2E, 0x72, 0x65, 0x73, 0x70, 0x6F, 0x6E, 0x73, 0x65, 0x4A, 0x73, 0x6F, 0x6E,
    0x2E, 0x61, 0x70, 0x70, 0x6C, 0x79, 0x28, 0x74, 0x68, 0x69, 0x73, 0x2C, 0x20, 0x61, 0x72, 0x67,
    0x75, 0x6D, 0x65, 0x6E, 0x74, 0x73, 0x29, 0x2E, 0x74, 0x68, 0x65, 0x6E, 0x28, 0x76, 0x61, 0x6C,
    0x75, 0x65, 0x20, 0x3D, 0x3E, 0x20, 0x73, 0x74, 0x72, 0x69, 0x70, 0x59, 0x6F, 0x75, 0x54, 0x75,
    0x62, 0x65, 0x41, 0x64, 0x73, 0x28, 0x76, 0x61, 0x6C, 0x75, 0x65, 0x29, 0x29, 0x3B, 0x0A, 0x20,
    0x20, 0x20, 0x20, 0x7D, 0x3B, 0x0A, 0x20, 0x20, 0x7D, 0x0A, 0x0A, 0x20, 0x20, 0x69, 0x66, 0x20,
    0x28, 0x69, 0x73, 0x59, 0x6F, 0x75, 0x54, 0x75, 0x62, 0x65, 0x20, 0x26, 0x26, 0x20, 0x74, 0x79,
    0x70, 0x65, 0x6F, 0x66, 0x20, 0x4A, 0x53, 0x4F, 0x4E, 0x2E, 0x70, 0x61, 0x72, 0x73, 0x65, 0x20,
    0x3D, 0x3D, 0x3D, 0x20, 0x27, 0x66, 0x75, 0x6E, 0x63, 0x74, 0x69, 0x6F, 0x6E, 0x27, 0x29, 0x20,
    0x7B, 0x0A, 0x20, 0x20, 0x20, 0x20, 0x73, 0x74, 0x61, 0x74, 0x65, 0x2E, 0x6F, 0x72, 0x69, 0x67,
    0x69, 0x6E, 0x61, 0x6C, 0x73, 0x2E, 0x6A, 0x73, 0x6F, 0x6E, 0x50, 0x61, 0x72, 0x73, 0x65, 0x20,
    0x3D, 0x20, 0x4A, 0x53, 0x4F, 0x4E, 0x2E, 0x70, 0x61, 0x72, 0x73, 0x65, 0x3B, 0x0A, 0x20, 0x20,
    0x20, 0x20, 0x4A, 0x53, 0x4F, 0x4E, 0x2E, 0x70, 0x61, 0x72, 0x73, 0x65, 0x20, 0x3D, 0x20, 0x66,
    0x75, 0x6E, 0x63, 0x74, 0x69, 0x6F, 0x6E, 0x28, 0x29, 0x20, 0x7B, 0x0A, 0x20, 0x20, 0x20, 0x20,
    0x20, 0x20, 0x72, 0x65, 0x74, 0x75, 0x72, 0x6E, 0x20, 0x73, 0x74, 0x72, 0x69, 0x70, 0x59, 0x6F,
    0x75, 0x54, 0x75, 0x62, 0x65, 0x41, 0x64, 0x73, 0x28, 0x73, 0x74, 0x61, 0x74, 0x65, 0x2E, 0x6F,
    0x72, 0x69, 0x67, 0x69, 0x6E, 0x61, 0x6C, 0x73, 0x2E, 0x6A, 0x73, 0x6F, 0x6E, 0x50, 0x61, 0x72,
    0x73, 0x65, 0x2E, 0x61, 0x70, 0x70, 0x6C, 0x79, 0x28, 0x4A, 0x53, 0x4F, 0x4E, 0x2C, 0x20, 0x61,
    0x72, 0x67, 0x75, 0x6D, 0x65, 0x6E, 0x74, 0x73, 0x29, 0x29, 0x3B, 0x0A, 0x20, 0x20, 0x20, 0x20,
    0x7D, 0x3B, 0x0A, 0x20, 0x20, 0x7D, 0x0A, 0x0A, 0x20, 0x20, 0x69, 0x66, 0x20, 0x28, 0x77, 0x69,
    0x6E, 0x64, 0x6F, 0x77, 0x2E, 0x58, 0x4D, 0x4C, 0x48, 0x74, 0x74, 0x70, 0x52, 0x65, 0x71, 0x75,
    0x65, 0x73, 0x74, 0x20, 0x26, 0x26, 0x20, 0x58, 0x4D, 0x4C, 0x48, 0x74, 0x74, 0x70, 0x52, 0x65,
    0x71, 0x75, 0x65, 0x73, 0x74, 0x2E, 0x70, 0x72, 0x6F, 0x74, 0x6F, 0x74, 0x79, 0x70, 0x65, 0x29,
    0x20, 0x7B, 0x0A, 0x20, 0x20, 0x20, 0x20, 0x63, 0x6F, 0x6E, 0x73, 0x74, 0x20, 0x70, 0x72, 0x6F,
    0x74, 0x6F, 0x20, 0x3D, 0x20, 0x58, 0x4D, 0x4C, 0x48, 0x74, 0x74, 0x70, 0x52, 0x65, 0x71, 0x75,
    0x65, 0x73, 0x74, 0x2E, 0x70, 0x72, 0x6F, 0x74, 0x6F, 0x74, 0x79, 0x70, 0x65, 0x3B, 0x0A, 0x20,
    0x20, 0x20, 0x20, 0x73, 0x74, 0x61, 0x74, 0x65, 0x2E, 0x6F, 0x72, 0x69, 0x67, 0x69, 0x6E, 0x61,
    0x6C, 0x73, 0x2E, 0x78, 0x68, 0x72, 0x4F, 0x70, 0x65, 0x6E, 0x20, 0x3D, 0x20, 0x70, 0x72, 0x6F,
    0x74, 0x6F, 0x2E, 0x6F, 0x70, 0x65, 0x6E, 0x3B, 0x0A, 0x20, 0x20, 0x20, 0x20, 0x73, 0x74, 0x61,
    0x74, 0x65, 0x2E, 0x6F, 0x72, 0x69, 0x67, 0x69, 0x6E, 0x61, 0x6C, 0x73, 0x2E, 0x78, 0x68, 0x72,
    0x53, 0x65, 0x6E, 0x64, 0x20, 0x3D, 0x20, 0x70, 0x72, 0x6F, 0x74, 0x6F, 0x2E, 0x73, 0x65, 0x6E,
    0x64, 0x3B, 0x0A, 0x20, 0x20, 0x20, 0x20, 0x70, 0x72, 0x6F, 0x74, 0x6F, 0x2E, 0x6F, 0x70, 0x65,
    0x6E, 0x20, 0x3D, 0x20, 0x66, 0x75, 0x6E, 0x63, 0x74, 0x69, 0x6F, 0x6E, 0x28, 0x6D, 0x65, 0x74,
    0x68, 0x6F, 0x64, 0x2C, 0x20, 0x75, 0x72, 0x6C, 0x29, 0x20, 0x7B, 0x0A, 0x20, 0x20, 0x20, 0x20,
    0x20, 0x20, 0x74, 0x68, 0x69, 0x73, 0x2E, 0x5F, 0x5F, 0x67, 0x6F, 0x6F, 0x67, 0x6C, 0x65, 0x75,
    0x69, 0x42, 0x6C, 0x6F, 0x63, 0x6B, 0x65, 0x64, 0x20, 0x3D, 0x20, 0x73, 0x68, 0x6F, 0x75, 0x6C,
    0x64, 0x42, 0x6C, 0x6F, 0x63, 0x6B, 0x28, 0x75, 0x72, 0x6C, 0x29, 0x3B, 0x0A, 0x20, 0x20, 0x20,
    0x20, 0x20, 0x20, 0x74, 0x68, 0x69, 0x73, 0x2E, 0x5F, 0x5F, 0x67, 0x6F, 0x6F, 0x67, 0x6C, 0x65,
    0x75, 0x69, 0x59, 0x6F, 0x75, 0x54, 0x75, 0x62, 0x65, 0x52, 0x65, 0x73, 0x70, 0x6F, 0x6E, 0x73,
    0x65, 0x20, 0x3D, 0x20, 0x69, 0x73, 0x59, 0x6F, 0x75, 0x54, 0x75, 0x62, 0x65, 0x50, 0x6C, 0x61,
    0x79, 0x65, 0x72, 0x52, 0x65, 0x73, 0x70, 0x6F, 0x6E, 0x73, 0x65, 0x28, 0x75, 0x72, 0x6C, 0x29,
    0x3B, 0x0A, 0x20, 0x20, 0x20, 0x20, 0x20, 0x20, 0x72, 0x65, 0x74, 0x75, 0x72, 0x6E, 0x20, 0x73,
    0x74, 0x61, 0x74, 0x65, 0x2E, 0x6F, 0x72, 0x69, 0x67, 0x69, 0x6E, 0x61, 0x6C, 0x73, 0x2E, 0x78,
    0x68, 0x72, 0x4F, 0x70, 0x65, 0x6E, 0x2E, 0x61, 0x70, 0x70, 0x6C, 0x79, 0x28, 0x74, 0x68, 0x69,
    0x73, 0x2C, 0x20, 0x61, 0x72, 0x67, 0x75, 0x6D, 0x65, 0x6E, 0x74, 0x73, 0x29, 0x3B, 0x0A, 0x20,
    0x20, 0x20, 0x20, 0x7D, 0x3B, 0x0A, 0x20, 0x20, 0x20, 0x20, 0x70, 0x72, 0x6F, 0x74, 0x6F, 0x2E,
    0x73, 0x65, 0x6E, 0x64, 0x20, 0x3D, 0x20, 0x66, 0x75, 0x6E, 0x63, 0x74, 0x69, 0x6F, 0x6E, 0x28,
    0x29, 0x20, 0x7B, 0x0A, 0x20, 0x20, 0x20, 0x20, 0x20, 0x20, 0x69, 0x66, 0x20, 0x28, 0x74, 0x68,
    0x69, 0x73, 0x2E, 0x5F, 0x5F, 0x67, 0x6F, 0x6F, 0x67, 0x6C, 0x65, 0x75, 0x69, 0x42, 0x6C, 0x6F,
    0x63, 0x6B, 0x65, 0x64, 0x29, 0x20, 0x7B, 0x0A, 0x20, 0x20, 0x20, 0x20, 0x20, 0x20, 0x20, 0x20,
    0x74, 0x72, 0x79, 0x20, 0x7B, 0x20, 0x74, 0x68, 0x69, 0x73, 0x2E, 0x61, 0x62, 0x6F, 0x72, 0x74,
    0x28, 0x29, 0x3B, 0x20, 0x7D, 0x20, 0x63, 0x61, 0x74, 0x63, 0x68, 0x20, 0x28, 0x5F, 0x29, 0x20,
    0x7B, 0x7D, 0x0A, 0x20, 0x20, 0x20, 0x20, 0x20, 0x20, 0x20, 0x20, 0x72, 0x65, 0x74, 0x75, 0x72,
    0x6E, 0x3B, 0x0A, 0x20, 0x20, 0x20, 0x20, 0x20, 0x20, 0x7D, 0x0A, 0x20, 0x20, 0x20, 0x20, 0x20,
    0x20, 0x69, 0x66, 0x20, 0x28, 0x74, 0x68, 0x69, 0x73, 0x2E, 0x5F, 0x5F, 0x67, 0x6F, 0x6F, 0x67,
    0x6C, 0x65, 0x75, 0x69, 0x59, 0x6F, 0x75, 0x54, 0x75, 0x62, 0x65, 0x52, 0x65, 0x73, 0x70, 0x6F,
    0x6E, 0x73, 0x65, 0x29, 0x20, 0x7B, 0x0A, 0x20, 0x20, 0x20, 0x20, 0x20, 0x20, 0x20, 0x20, 0x74,
    0x68, 0x69, 0x73, 0x2E, 0x61, 0x64, 0x64, 0x45, 0x76, 0x65, 0x6E, 0x74, 0x4C, 0x69, 0x73, 0x74,
    0x65, 0x6E, 0x65, 0x72, 0x28, 0x27, 0x72, 0x65, 0x61, 0x64, 0x79, 0x73, 0x74, 0x61, 0x74, 0x65,
    0x63, 0x68, 0x61, 0x6E, 0x67, 0x65, 0x27, 0x2C, 0x20, 0x66, 0x75, 0x6E, 0x63, 0x74, 0x69, 0x6F,
    0x6E, 0x28, 0x29, 0x20, 0x7B, 0x0A, 0x20, 0x20, 0x20, 0x20, 0x20, 0x20, 0x20, 0x20, 0x20, 0x20,
    0x69, 0x66, 0x20, 0x28, 0x74, 0x68, 0x69, 0x73, 0x2E, 0x72, 0x65, 0x61, 0x64, 0x79, 0x53, 0x74,
    0x61, 0x74, 0x65, 0x20, 0x21, 0x3D, 0x3D, 0x20, 0x34, 0x29, 0x20, 0x72, 0x65, 0x74, 0x75, 0x72,
    0x6E, 0x3B, 0x0A, 0x20, 0x20, 0x20, 0x20, 0x20, 0x20, 0x20, 0x20, 0x20, 0x20, 0x74, 0x72, 0x79,
    0x20, 0x7B, 0x0A, 0x20, 0x20, 0x20, 0x20, 0x20, 0x20, 0x20, 0x20, 0x20, 0x20, 0x20, 0x20, 0x63,
    0x6F, 0x6E, 0x73, 0x74, 0x20, 0x73, 0x61, 0x6E, 0x69, 0x74, 0x69, 0x7A, 0x65, 0x64, 0x20, 0x3D,
    0x20, 0x73, 0x61, 0x6E, 0x69, 0x74, 0x69, 0x7A, 0x65, 0x59, 0x6F, 0x75, 0x54, 0x75, 0x62, 0x65,
    0x54, 0x65, 0x78, 0x74, 0x28, 0x74, 0x68, 0x69, 0x73, 0x2E, 0x72, 0x65, 0x73, 0x70, 0x6F, 0x6E,
    0x73, 0x65, 0x54, 0x65, 0x78, 0x74, 0x29, 0x3B, 0x0A, 0x20, 0x20, 0x20, 0x20, 0x20, 0x20, 0x20,
    0x20, 0x20, 0x20, 0x20, 0x20, 0x69, 0x66, 0x20, 0x28, 0x73, 0x61, 0x6E, 0x69, 0x74, 0x69, 0x7A,
    0x65, 0x64, 0x20, 0x21, 0x3D, 0x3D, 0x20, 0x74, 0x68, 0x69, 0x73, 0x2E, 0x72, 0x65, 0x73, 0x70,
    0x6F, 0x6E, 0x73, 0x65, 0x54, 0x65, 0x78, 0x74, 0x29, 0x20, 0x7B, 0x0A, 0x20, 0x20, 0x20, 0x20,
    0x20, 0x20, 0x20, 0x20, 0x20, 0x20, 0x20, 0x20, 0x20, 0x20, 0x4F, 0x62, 0x6A, 0x65, 0x63, 0x74,
    0x2E, 0x64, 0x65, 0x66, 0x69, 0x6E, 0x65, 0x50, 0x72, 0x6F, 0x70, 0x65, 0x72, 0x74, 0x79, 0x28,
    0x74, 0x68, 0x69, 0x73, 0x2C, 0x20, 0x27, 0x72, 0x65, 0x73, 0x70, 0x6F, 0x6E, 0x73, 0x65, 0x54,
    0x65, 0x78, 0x74, 0x27, 0x2C, 0x20, 0x7B, 0x20, 0x63, 0x6F, 0x6E, 0x66, 0x69, 0x67, 0x75, 0x72,
    0x61, 0x62, 0x6C, 0x65, 0x3A, 0x20, 0x74, 0x72, 0x75, 0x65, 0x2C, 0x20, 0x76, 0x61, 0x6C, 0x75,
    0x65, 0x3A, 0x20, 0x73, 0x61, 0x6E, 0x69, 0x74, 0x69, 0x7A, 0x65, 0x64, 0x20, 0x7D, 0x29, 0x3B,
    0x0A, 0x20, 0x20, 0x20, 0x20, 0x20, 0x20, 0x20, 0x20, 0x20, 0x20, 0x20, 0x20, 0x20, 0x20, 0x69,
    0x66, 0x20, 0x28, 0x21, 0x74, 0x68, 0x69, 0x73, 0x2E, 0x72, 0x65, 0x73, 0x70, 0x6F, 0x6E, 0x73,
    0x65, 0x54, 0x79, 0x70, 0x65, 0x20, 0x7C, 0x7C, 0x20, 0x74, 0x68, 0x69, 0x73, 0x2E, 0x72, 0x65,
    0x73, 0x70, 0x6F, 0x6E, 0x73, 0x65, 0x54, 0x79, 0x70, 0x65, 0x20, 0x3D, 0x3D, 0x3D, 0x20, 0x27,
    0x74, 0x65, 0x78, 0x74, 0x27, 0x29, 0x20, 0x7B, 0x0A, 0x20, 0x20, 0x20, 0x20, 0x20, 0x20, 0x20,
    0x20, 0x20, 0x20, 0x20, 0x20, 0x20, 0x20, 0x20, 0x20, 0x4F, 0x62, 0x6A, 0x65, 0x63, 0x74, 0x2E,
    0x64, 0x65, 0x66, 0x69, 0x6E, 0x65, 0x50, 0x72, 0x6F, 0x70, 0x65, 0x72, 0x74, 0x79, 0x28, 0x74,
    0x68, 0x69, 0x73, 0x2C, 0x20, 0x27, 0x72, 0x65, 0x73, 0x70, 0x6F, 0x6E, 0x73, 0x65, 0x27, 0x2C,
    0x20, 0x7B, 0x20, 0x63, 0x6F, 0x6E, 0x66, 0x69, 0x67, 0x75, 0x72, 0x61, 0x62, 0x6C, 0x65, 0x3A,
    0x20, 0x74, 0x72, 0x75, 0x65, 0x2C, 0x20, 0x76, 0x61, 0x6C, 0x75, 0x65, 0x3A, 0x20, 0x73, 0x61,
    0x6E, 0x69, 0x74, 0x69, 0x7A, 0x65, 0x64, 0x20, 0x7D, 0x29, 0x3B, 0x0A, 0x20, 0x20, 0x20, 0x20,
    0x20, 0x20, 0x20, 0x20, 0x20, 0x20, 0x20, 0x20, 0x20, 0x20, 0x7D, 0x0A, 0x20, 0x20, 0x20, 0x20,
    0x20, 0x20, 0x20, 0x20, 0x20, 0x20, 0x20, 0x20, 0x7D, 0x0A, 0x20, 0x20, 0x20, 0x20, 0x20, 0x20,
    0x20, 0x20, 0x20, 0x20, 0x7D, 0x20, 0x63, 0x61, 0x74, 0x63, 0x68, 0x20, 0x28, 0x5F, 0x29, 0x20,
    0x7B, 0x7D, 0x0A, 0x20, 0x20, 0x20, 0x20, 0x20, 0x20, 0x20, 0x20, 0x7D, 0x29, 0x3B, 0x0A, 0x20,
    0x20, 0x20, 0x20, 0x20, 0x20, 0x7D, 0x0A, 0x20, 0x20, 0x20, 0x20, 0x20, 0x20, 0x72, 0x65, 0x74,
    0x75, 0x72, 0x6E, 0x20, 0x73, 0x74, 0x61, 0x74, 0x65, 0x2E, 0x6F, 0x72, 0x69, 0x67, 0x69, 0x6E,
    0x61, 0x6C, 0x73, 0x2E, 0x78, 0x68, 0x72, 0x53, 0x65, 0x6E, 0x64, 0x2E, 0x61, 0x70, 0x70, 0x6C,
    0x79, 0x28, 0x74, 0x68, 0x69, 0x73, 0x2C, 0x20, 0x61, 0x72, 0x67, 0x75, 0x6D, 0x65, 0x6E, 0x74,
    0x73, 0x29, 0x3B, 0x0A, 0x20, 0x20, 0x20, 0x20, 0x7D, 0x3B, 0x0A, 0x20, 0x20, 0x7D, 0x0A, 0x0A,
    0x20, 0x20, 0x69, 0x66, 0x20, 0x28, 0x6E, 0x61, 0x76, 0x69, 0x67, 0x61, 0x74, 0x6F, 0x72, 0x2E,
    0x73, 0x65, 0x6E, 0x64, 0x42, 0x65, 0x61, 0x63, 0x6F, 0x6E, 0x29, 0x20, 0x7B, 0x0A, 0x20, 0x20,
    0x20, 0x20, 0x73, 0x74, 0x61, 0x74, 0x65, 0x2E, 0x6F, 0x72, 0x69, 0x67, 0x69, 0x6E, 0x61, 0x6C,
    0x73, 0x2E, 0x73, 0x65, 0x6E, 0x64, 0x42, 0x65, 0x61, 0x63, 0x6F, 0x6E, 0x20, 0x3D, 0x20, 0x6E,
    0x61, 0x76, 0x69, 0x67, 0x61, 0x74, 0x6F, 0x72, 0x2E, 0x73, 0x65, 0x6E, 0x64, 0x42, 0x65, 0x61,
    0x63, 0x6F, 0x6E, 0x2E, 0x62, 0x69, 0x6E, 0x64, 0x28, 0x6E, 0x61, 0x76, 0x69, 0x67, 0x61, 0x74,
    0x6F, 0x72, 0x29, 0x3B, 0x0A, 0x20, 0x20, 0x20, 0x20, 0x6E, 0x61, 0x76, 0x69, 0x67, 0x61, 0x74,
    0x6F, 0x72, 0x2E, 0x73, 0x65, 0x6E, 0x64, 0x42, 0x65, 0x61, 0x63, 0x6F, 0x6E, 0x20, 0x3D, 0x20,
    0x66, 0x75, 0x6E, 0x63, 0x74, 0x69, 0x6F, 0x6E, 0x28, 0x75, 0x72, 0x6C, 0x2C, 0x20, 0x64, 0x61,
    0x74, 0x61, 0x29, 0x20, 0x7B, 0x0A, 0x20, 0x20, 0x20, 0x20, 0x20, 0x20, 0x72, 0x65, 0x74, 0x75,
    0x72, 0x6E, 0x20, 0x73, 0x68, 0x6F, 0x75, 0x6C, 0x64, 0x42, 0x6C, 0x6F, 0x63, 0x6B, 0x28, 0x75,
    0x72, 0x6C, 0x29, 0x20, 0x3F, 0x20, 0x74, 0x72, 0x75, 0x65, 0x20, 0x3A, 0x20, 0x73, 0x74, 0x61,
    0x74, 0x65, 0x2E, 0x6F, 0x72, 0x69, 0x67, 0x69, 0x6E, 0x61, 0x6C, 0x73, 0x2E, 0x73, 0x65, 0x6E,
    0x64, 0x42, 0x65, 0x61, 0x63, 0x6F, 0x6E, 0x28, 0x75, 0x72, 0x6C, 0x2C, 0x20, 0x64, 0x61, 0x74,
    0x61, 0x29, 0x3B, 0x0A, 0x20, 0x20, 0x20, 0x20, 0x7D, 0x3B, 0x0A, 0x20, 0x20, 0x7D, 0x0A, 0x0A,
    0x20, 0x20, 0x66, 0x6F, 0x72, 0x20, 0x28, 0x63, 0x6F, 0x6E, 0x73, 0x74, 0x20, 0x63, 0x74, 0x6F,
    0x72, 0x4E, 0x61, 0x6D, 0x65, 0x20, 0x6F, 0x66, 0x20, 0x5B, 0x27, 0x57, 0x65, 0x62, 0x53, 0x6F,
    0x63, 0x6B, 0x65, 0x74, 0x27, 0x2C, 0x20, 0x27, 0x45, 0x76, 0x65, 0x6E, 0x74, 0x53, 0x6F, 0x75,
    0x72, 0x63, 0x65, 0x27, 0x5D, 0x29, 0x20, 0x7B, 0x0A, 0x20, 0x20, 0x20, 0x20, 0x63, 0x6F, 0x6E,
    0x73, 0x74, 0x20, 0x4F, 0x72, 0x69, 0x67, 0x69, 0x6E, 0x61, 0x6C, 0x20, 0x3D, 0x20, 0x77, 0x69,
    0x6E, 0x64, 0x6F, 0x77, 0x5B, 0x63, 0x74, 0x6F, 0x72, 0x4E, 0x61, 0x6D, 0x65, 0x5D, 0x3B, 0x0A,
    0x20, 0x20, 0x20, 0x20, 0x69, 0x66, 0x20, 0x28, 0x74, 0x79, 0x70, 0x65, 0x6F, 0x66, 0x20, 0x4F,
    0x72, 0x69, 0x67, 0x69, 0x6E, 0x61, 0x6C, 0x20, 0x21, 0x3D, 0x3D, 0x20, 0x27, 0x66, 0x75, 0x6E,
    0x63, 0x74, 0x69, 0x6F, 0x6E, 0x27, 0x29, 0x20, 0x63, 0x6F, 0x6E, 0x74, 0x69, 0x6E, 0x75, 0x65,
    0x3B, 0x0A, 0x20, 0x20, 0x20, 0x20, 0x73, 0x74, 0x61, 0x74, 0x65, 0x2E, 0x6F, 0x72, 0x69, 0x67,
    0x69, 0x6E, 0x61, 0x6C, 0x73, 0x5B, 0x63, 0x74, 0x6F, 0x72, 0x4E, 0x61, 0x6D, 0x65, 0x5D, 0x20,
    0x3D, 0x20, 0x4F, 0x72, 0x69, 0x67, 0x69, 0x6E, 0x61, 0x6C, 0x3B, 0x0A, 0x20, 0x20, 0x20, 0x20,
    0x63, 0x6F, 0x6E, 0x73, 0x74, 0x20, 0x57, 0x72, 0x61, 0x70, 0x70, 0x65, 0x64, 0x20, 0x3D, 0x20,
    0x66, 0x75, 0x6E, 0x63, 0x74, 0x69, 0x6F, 0x6E, 0x28, 0x75, 0x72, 0x6C, 0x2C, 0x20, 0x70, 0x72,
    0x6F, 0x74, 0x6F, 0x63, 0x6F, 0x6C, 0x73, 0x29, 0x20, 0x7B, 0x0A, 0x20, 0x20, 0x20, 0x20, 0x20,
    0x20, 0x69, 0x66, 0x20, 0x28, 0x73, 0x68, 0x6F, 0x75, 0x6C, 0x64, 0x42, 0x6C, 0x6F, 0x63, 0x6B,
    0x28, 0x75, 0x72, 0x6C, 0x29, 0x29, 0x20, 0x74, 0x68, 0x72, 0x6F, 0x77, 0x20, 0x6E, 0x65, 0x77,
    0x20, 0x44, 0x4F, 0x4D, 0x45, 0x78, 0x63, 0x65, 0x70, 0x74, 0x69, 0x6F, 0x6E, 0x28, 0x27, 0x42,
    0x6C, 0x6F, 0x63, 0x6B, 0x65, 0x64, 0x20, 0x62, 0x79, 0x20, 0x47, 0x6F, 0x6F, 0x67, 0x6C, 0x65,
    0x55, 0x49, 0x27, 0x2C, 0x20, 0x27, 0x53, 0x65, 0x63, 0x75, 0x72, 0x69, 0x74, 0x79, 0x45, 0x72,
    0x72, 0x6F, 0x72, 0x27, 0x29, 0x3B, 0x0A, 0x20, 0x20, 0x20, 0x20, 0x20, 0x20, 0x72, 0x65, 0x74,
    0x75, 0x72, 0x6E, 0x20, 0x70, 0x72, 0x6F, 0x74, 0x6F, 0x63, 0x6F, 0x6C, 0x73, 0x20, 0x3D, 0x3D,
    0x3D, 0x20, 0x75, 0x6E, 0x64, 0x65, 0x66, 0x69, 0x6E, 0x65, 0x64, 0x20, 0x3F, 0x20, 0x6E, 0x65,
    0x77, 0x20, 0x4F, 0x72, 0x69, 0x67, 0x69, 0x6E, 0x61, 0x6C, 0x28, 0x75, 0x72, 0x6C, 0x29, 0x20,
    0x3A, 0x20, 0x6E, 0x65, 0x77, 0x20, 0x4F, 0x72, 0x69, 0x67, 0x69, 0x6E, 0x61, 0x6C, 0x28, 0x75,
    0x72, 0x6C, 0x2C, 0x20, 0x70, 0x72, 0x6F, 0x74, 0x6F, 0x63, 0x6F, 0x6C, 0x73, 0x29, 0x3B, 0x0A,
    0x20, 0x20, 0x20, 0x20, 0x7D, 0x3B, 0x0A, 0x20, 0x20, 0x20, 0x20, 0x57, 0x72, 0x61, 0x70, 0x70,
    0x65, 0x64, 0x2E, 0x70, 0x72, 0x6F, 0x74, 0x6F, 0x74, 0x79, 0x70, 0x65, 0x20, 0x3D, 0x20, 0x4F,
    0x72, 0x69, 0x67, 0x69, 0x6E, 0x61, 0x6C, 0x2E, 0x70, 0x72, 0x6F, 0x74, 0x6F, 0x74, 0x79, 0x70,
    0x65, 0x3B, 0x0A, 0x20, 0x20, 0x20, 0x20, 0x74, 0x72, 0x79, 0x20, 0x7B, 0x20, 0x4F, 0x62, 0x6A,
    0x65, 0x63, 0x74, 0x2E, 0x73, 0x65, 0x74, 0x50, 0x72, 0x6F, 0x74, 0x6F, 0x74, 0x79, 0x70, 0x65,
    0x4F, 0x66, 0x28, 0x57, 0x72, 0x61, 0x70, 0x70, 0x65, 0x64, 0x2C, 0x20, 0x4F, 0x72, 0x69, 0x67,
    0x69, 0x6E, 0x61, 0x6C, 0x29, 0x3B, 0x20, 0x7D, 0x20, 0x63, 0x61, 0x74, 0x63, 0x68, 0x20, 0x28,
    0x5F, 0x29, 0x20, 0x7B, 0x7D, 0x0A, 0x20, 0x20, 0x20, 0x20, 0x77, 0x69, 0x6E, 0x64, 0x6F, 0x77,
    0x5B, 0x63, 0x74, 0x6F, 0x72, 0x4E, 0x61, 0x6D, 0x65, 0x5D, 0x20, 0x3D, 0x20, 0x57, 0x72, 0x61,
    0x70, 0x70, 0x65, 0x64, 0x3B, 0x0A, 0x20, 0x20, 0x7D, 0x0A, 0x0A, 0x20, 0x20, 0x73, 0x74, 0x61,
    0x74, 0x65, 0x2E, 0x6F, 0x72, 0x69, 0x67, 0x69, 0x6E, 0x61, 0x6C, 0x73, 0x2E, 0x6F, 0x70, 0x65,
    0x6E, 0x20, 0x3D, 0x20, 0x77, 0x69, 0x6E, 0x64, 0x6F, 0x77, 0x2E, 0x6F, 0x70, 0x65, 0x6E, 0x3B,
    0x0A, 0x20, 0x20, 0x77, 0x69, 0x6E, 0x64, 0x6F, 0x77, 0x2E, 0x6F, 0x70, 0x65, 0x6E, 0x20, 0x3D,
    0x20, 0x66, 0x75, 0x6E, 0x63, 0x74, 0x69, 0x6F, 0x6E, 0x28, 0x75, 0x72, 0x6C, 0x29, 0x20, 0x7B,
    0x0A, 0x20, 0x20, 0x20, 0x20, 0x69, 0x66, 0x20, 0x28, 0x21, 0x75, 0x72, 0x6C, 0x20, 0x7C, 0x7C,
    0x20, 0x73, 0x68, 0x6F, 0x75, 0x6C, 0x64, 0x42, 0x6C, 0x6F, 0x63, 0x6B, 0x28, 0x75, 0x72, 0x6C,
    0x29, 0x29, 0x20, 0x72, 0x65, 0x74, 0x75, 0x72, 0x6E, 0x20, 0x6E, 0x75, 0x6C, 0x6C, 0x3B, 0x0A,
    0x20, 0x20, 0x20, 0x20, 0x72, 0x65, 0x74, 0x75, 0x72, 0x6E, 0x20, 0x73, 0x74, 0x61, 0x74, 0x65,
    0x2E, 0x6F, 0x72, 0x69, 0x67, 0x69, 0x6E, 0x61, 0x6C, 0x73, 0x2E, 0x6F, 0x70, 0x65, 0x6E, 0x20,
    0x3F, 0x20, 0x73, 0x74, 0x61, 0x74, 0x65, 0x2E, 0x6F, 0x72, 0x69, 0x67, 0x69, 0x6E, 0x61, 0x6C,
    0x73, 0x2E, 0x6F, 0x70, 0x65, 0x6E, 0x2E, 0x61, 0x70, 0x70, 0x6C, 0x79, 0x28, 0x77, 0x69, 0x6E,
    0x64, 0x6F, 0x77, 0x2C, 0x20, 0x61, 0x72, 0x67, 0x75, 0x6D, 0x65, 0x6E, 0x74, 0x73, 0x29, 0x20,
    0x3A, 0x20, 0x6E, 0x75, 0x6C, 0x6C, 0x3B, 0x0A, 0x20, 0x20, 0x7D, 0x3B, 0x0A, 0x0A, 0x20, 0x20,
    0x69, 0x66, 0x20, 0x28, 0x45, 0x6C, 0x65, 0x6D, 0x65, 0x6E, 0x74, 0x2E, 0x70, 0x72, 0x6F, 0x74,
    0x6F, 0x74, 0x79, 0x70, 0x65, 0x2E, 0x73, 0x65, 0x74, 0x41, 0x74, 0x74, 0x72, 0x69, 0x62, 0x75,
    0x74, 0x65, 0x29, 0x20, 0x7B, 0x0A, 0x20, 0x20, 0x20, 0x20, 0x73, 0x74, 0x61, 0x74, 0x65, 0x2E,
    0x6F, 0x72, 0x69, 0x67, 0x69, 0x6E, 0x61, 0x6C, 0x73, 0x2E, 0x73, 0x65, 0x74, 0x41, 0x74, 0x74,
    0x72, 0x69, 0x62, 0x75, 0x74, 0x65, 0x20, 0x3D, 0x20, 0x45, 0x6C, 0x65, 0x6D, 0x65, 0x6E, 0x74,
    0x2E, 0x70, 0x72, 0x6F, 0x74, 0x6F, 0x74, 0x79, 0x70, 0x65, 0x2E, 0x73, 0x65, 0x74, 0x41, 0x74,
    0x74, 0x72, 0x69, 0x62, 0x75, 0x74, 0x65, 0x3B, 0x0A, 0x20, 0x20, 0x20, 0x20, 0x45, 0x6C, 0x65,
    0x6D, 0x65, 0x6E, 0x74, 0x2E, 0x70, 0x72, 0x6F, 0x74, 0x6F, 0x74, 0x79, 0x70, 0x65, 0x2E, 0x73,
    0x65, 0x74, 0x41, 0x74, 0x74, 0x72, 0x69, 0x62, 0x75, 0x74, 0x65, 0x20, 0x3D, 0x20, 0x66, 0x75,
    0x6E, 0x63, 0x74, 0x69, 0x6F, 0x6E, 0x28, 0x6E, 0x61, 0x6D, 0x65, 0x2C, 0x20, 0x76, 0x61, 0x6C,
    0x75, 0x65, 0x29, 0x20, 0x7B, 0x0A, 0x20, 0x20, 0x20, 0x20, 0x20, 0x20, 0x63, 0x6F, 0x6E, 0x73,
    0x74, 0x20, 0x6C, 0x6F, 0x77, 0x65, 0x72, 0x20, 0x3D, 0x20, 0x53, 0x74, 0x72, 0x69, 0x6E, 0x67,
    0x28, 0x6E, 0x61, 0x6D, 0x65, 0x20, 0x7C, 0x7C, 0x20, 0x27, 0x27, 0x29, 0x2E, 0x74, 0x6F, 0x4C,
    0x6F, 0x77, 0x65, 0x72, 0x43, 0x61, 0x73, 0x65, 0x28, 0x29, 0x3B, 0x0A, 0x20, 0x20, 0x20, 0x20,
    0x20, 0x20, 0x69, 0x66, 0x20, 0x28, 0x28, 0x6C, 0x6F, 0x77, 0x65, 0x72, 0x20, 0x3D, 0x3D, 0x3D,
    0x20, 0x27, 0x73, 0x72, 0x63, 0x27, 0x20, 0x7C, 0x7C, 0x20, 0x6C, 0x6F, 0x77, 0x65, 0x72, 0x20,
    0x3D, 0x3D, 0x3D, 0x20, 0x27, 0x68, 0x72, 0x65, 0x66, 0x27, 0x20, 0x7C, 0x7C, 0x20, 0x6C, 0x6F,
    0x77, 0x65, 0x72, 0x20, 0x3D, 0x3D, 0x3D, 0x20, 0x27, 0x64, 0x61, 0x74, 0x61, 0x2D, 0x73, 0x72,
    0x63, 0x27, 0x29, 0x20, 0x26, 0x26, 0x20, 0x73, 0x68, 0x6F, 0x75, 0x6C, 0x64, 0x42, 0x6C, 0x6F,
    0x63, 0x6B, 0x28, 0x76, 0x61, 0x6C, 0x75, 0x65, 0x29, 0x29, 0x20, 0x7B, 0x0A, 0x20, 0x20, 0x20,
    0x20, 0x20, 0x20, 0x20, 0x20, 0x74, 0x72, 0x79, 0x20, 0x7B, 0x20, 0x74, 0x68, 0x69, 0x73, 0x2E,
    0x64, 0x61, 0x74, 0x61, 0x73, 0x65, 0x74, 0x2E, 0x67, 0x6F, 0x6F, 0x67, 0x6C, 0x65, 0x42, 0x6C,
    0x6F, 0x63, 0x6B, 0x65, 0x64, 0x20, 0x3D, 0x20, 0x27, 0x31, 0x27, 0x3B, 0x20, 0x7D, 0x20, 0x63,
    0x61, 0x74, 0x63, 0x68, 0x20, 0x28, 0x5F, 0x29, 0x20, 0x7B, 0x7D, 0x0A, 0x20, 0x20, 0x20, 0x20,
    0x20, 0x20, 0x20, 0x20, 0x72, 0x65, 0x74, 0x75, 0x72, 0x6E, 0x3B, 0x0A, 0x20, 0x20, 0x20, 0x20,
    0x20, 0x20, 0x7D, 0x0A, 0x20, 0x20, 0x20, 0x20, 0x20, 0x20, 0x72, 0x65, 0x74, 0x75, 0x72, 0x6E,
    0x20, 0x73, 0x74, 0x61, 0x74, 0x65, 0x2E, 0x6F, 0x72, 0x69, 0x67, 0x69, 0x6E, 0x61, 0x6C, 0x73,
    0x2E, 0x73, 0x65, 0x74, 0x41, 0x74, 0x74, 0x72, 0x69, 0x62, 0x75, 0x74, 0x65, 0x2E, 0x61, 0x70,
    0x70, 0x6C, 0x79, 0x28, 0x74, 0x68, 0x69, 0x73, 0x2C, 0x20, 0x61, 0x72, 0x67, 0x75, 0x6D, 0x65,
    0x6E, 0x74, 0x73, 0x29, 0x3B, 0x0A, 0x20, 0x20, 0x20, 0x20, 0x7D, 0x3B, 0x0A, 0x20, 0x20, 0x7D,
    0x0A, 0x0A, 0x20, 0x20, 0x63, 0x6F, 0x6E, 0x73, 0x74, 0x20, 0x73, 0x65, 0x6C, 0x65, 0x63, 0x74,
    0x6F, 0x72, 0x73, 0x20, 0x3D, 0x20, 0x5B, 0x0A, 0x20, 0x20, 0x20, 0x20, 0x27, 0x69, 0x66, 0x72,
    0x61, 0x6D, 0x65, 0x5B, 0x73, 0x72, 0x63, 0x2A, 0x3D, 0x22, 0x64, 0x6F, 0x75, 0x62, 0x6C, 0x65,
    0x63, 0x6C, 0x69, 0x63, 0x6B, 0x22, 0x5D, 0x27, 0x2C, 0x20, 0x27, 0x69, 0x66, 0x72, 0x61, 0x6D,
    0x65, 0x5B, 0x73, 0x72, 0x63, 0x2A, 0x3D, 0x22, 0x67, 0x6F, 0x6F, 0x67, 0x6C, 0x65, 0x73, 0x79,
    0x6E, 0x64, 0x69, 0x63, 0x61, 0x74, 0x69, 0x6F, 0x6E, 0x22, 0x5D, 0x27, 0x2C, 0x0A, 0x20, 0x20,
    0x20, 0x20, 0x27, 0x69, 0x66, 0x72, 0x61, 0x6D, 0x65, 0x5B, 0x73, 0x72, 0x63, 0x2A, 0x3D, 0x22,
    0x67, 0x6F, 0x6F, 0x67, 0x6C, 0x65, 0x61, 0x64, 0x73, 0x65, 0x72, 0x76, 0x69, 0x63, 0x65, 0x73,
    0x22, 0x5D, 0x27, 0x2C, 0x20, 0x27, 0x69, 0x66, 0x72, 0x61, 0x6D, 0x65, 0x5B, 0x73, 0x72, 0x63,
    0x2A, 0x3D, 0x22, 0x61, 0x6D, 0x61, 0x7A, 0x6F, 0x6E, 0x2D, 0x61, 0x64, 0x73, 0x79, 0x73, 0x74,
    0x65, 0x6D, 0x22, 0x5D, 0x27, 0x2C, 0x0A, 0x20, 0x20, 0x20, 0x20, 0x27, 0x73, 0x63, 0x72, 0x69,
    0x70, 0x74, 0x5B, 0x73, 0x72, 0x63, 0x2A, 0x3D, 0x22, 0x64, 0x6F, 0x75, 0x62, 0x6C, 0x65, 0x63,
    0x6C, 0x69, 0x63, 0x6B, 0x22, 0x5D, 0x27, 0x2C, 0x20, 0x27, 0x73, 0x63, 0x72, 0x69, 0x70, 0x74,
    0x5B, 0x73, 0x72, 0x63, 0x2A, 0x3D, 0x22, 0x67, 0x6F, 0x6F, 0x67, 0x6C, 0x65, 0x73, 0x79, 0x6E,
    0x64, 0x69, 0x63, 0x61, 0x74, 0x69, 0x6F, 0x6E, 0x22, 0x5D, 0x27, 0x2C, 0x0A, 0x20, 0x20, 0x20,
    0x20, 0x27, 0x73, 0x63, 0x72, 0x69, 0x70, 0x74, 0x5B, 0x73, 0x72, 0x63, 0x2A, 0x3D, 0x22, 0x67,
    0x6F, 0x6F, 0x67, 0x6C, 0x65, 0x61, 0x64, 0x73, 0x65, 0x72, 0x76, 0x69, 0x63, 0x65, 0x73, 0x22,
    0x5D, 0x27, 0x2C, 0x20, 0x27, 0x73, 0x63, 0x72, 0x69, 0x70, 0x74, 0x5B, 0x73, 0x72, 0x63, 0x2A,
    0x3D, 0x22, 0x61, 0x64, 0x73, 0x65, 0x72, 0x76, 0x69, 0x63, 0x65, 0x22, 0x5D, 0x27, 0x2C, 0x0A,
    0x20, 0x20, 0x20, 0x20, 0x27, 0x69, 0x6D, 0x67, 0x5B, 0x73, 0x72, 0x63, 0x2A, 0x3D, 0x22, 0x64,
    0x6F, 0x75, 0x62, 0x6C, 0x65, 0x63, 0x6C, 0x69, 0x63, 0x6B, 0x22, 0x5D, 0x27, 0x2C, 0x20, 0x27,
    0x69, 0x6D, 0x67, 0x5B, 0x73, 0x72, 0x63, 0x2A, 0x3D, 0x22, 0x67, 0x6F, 0x6F, 0x67, 0x6C, 0x65,
    0x73, 0x79, 0x6E, 0x64, 0x69, 0x63, 0x61, 0x74, 0x69, 0x6F, 0x6E, 0x22, 0x5D, 0x27, 0x2C, 0x0A,
    0x20, 0x20, 0x20, 0x20, 0x27, 0x5B, 0x64, 0x61, 0x74, 0x61, 0x2D, 0x61, 0x64, 0x5D, 0x27, 0x2C,
    0x20, 0x27, 0x5B, 0x64, 0x61, 0x74, 0x61, 0x2D, 0x61, 0x64, 0x73, 0x5D, 0x27, 0x2C, 0x20, 0x27,
    0x5B, 0x64, 0x61, 0x74, 0x61, 0x2D, 0x61, 0x64, 0x2D, 0x69, 0x64, 0x5D, 0x27, 0x2C, 0x20, 0x27,
    0x5B, 0x64, 0x61, 0x74, 0x61, 0x2D, 0x61, 0x64, 0x2D, 0x73, 0x6C, 0x6F, 0x74, 0x5D, 0x27, 0x2C,
    0x20, 0x27, 0x5B, 0x64, 0x61, 0x74, 0x61, 0x2D, 0x61, 0x64, 0x2D, 0x75, 0x6E, 0x69, 0x74, 0x5D,
    0x27, 0x2C, 0x0A, 0x20, 0x20, 0x20, 0x20, 0x27, 0x5B, 0x64, 0x61, 0x74, 0x61, 0x2D, 0x61, 0x64,
    0x75, 0x6E, 0x69, 0x74, 0x5D, 0x27, 0x2C, 0x20, 0x27, 0x5B, 0x64, 0x61, 0x74, 0x61, 0x2D, 0x61,
    0x64, 0x76, 0x65, 0x72, 0x74, 0x69, 0x73, 0x65, 0x6D, 0x65, 0x6E, 0x74, 0x5D, 0x27, 0x2C, 0x20,
    0x27, 0x5B, 0x64, 0x61, 0x74, 0x61, 0x2D, 0x73, 0x70, 0x6F, 0x6E, 0x73, 0x6F, 0x72, 0x65, 0x64,
    0x5D, 0x27, 0x2C, 0x0A, 0x20, 0x20, 0x20, 0x20, 0x27, 0x5B, 0x61, 0x72, 0x69, 0x61, 0x2D, 0x6C,
    0x61, 0x62, 0x65, 0x6C, 0x3D, 0x22, 0x41, 0x64, 0x76, 0x65, 0x72, 0x74, 0x69, 0x73, 0x65, 0x6D,
    0x65, 0x6E, 0x74, 0x22, 0x5D, 0x27, 0x2C, 0x20, 0x27, 0x5B, 0x61, 0x72, 0x69, 0x61, 0x2D, 0x6C,
    0x61, 0x62, 0x65, 0x6C, 0x3D, 0x22, 0x41, 0x64, 0x73, 0x22, 0x5D, 0x27, 0x2C, 0x0A, 0x20, 0x20,
    0x20, 0x20, 0x27, 0x2E, 0x61, 0x64, 0x73, 0x62, 0x79, 0x67, 0x6F, 0x6F, 0x67, 0x6C, 0x65, 0x27,
    0x2C, 0x20, 0x27, 0x23, 0x67, 0x6F, 0x6F, 0x67, 0x6C, 0x65, 0x5F, 0x61, 0x64, 0x73, 0x5F, 0x69,
    0x66, 0x72, 0x61, 0x6D, 0x65, 0x27, 0x2C, 0x20, 0x27, 0x5B, 0x69, 0x64, 0x5E, 0x3D, 0x22, 0x67,
    0x6F, 0x6F, 0x67, 0x6C, 0x65, 0x5F, 0x61, 0x64, 0x73, 0x5F, 0x22, 0x5D, 0x27, 0x2C, 0x0A, 0x20,
    0x20, 0x20, 0x20, 0x2E, 0x2E, 0x2E, 0x65, 0x78, 0x70, 0x6C, 0x69, 0x63, 0x69, 0x74, 0x41, 0x64,
    0x53, 0x65, 0x6C, 0x65, 0x63, 0x74, 0x6F, 0x72, 0x2E, 0x73, 0x70, 0x6C, 0x69, 0x74, 0x28, 0x27,
    0x2C, 0x27, 0x29, 0x2C, 0x0A, 0x20, 0x20, 0x20, 0x20, 0x27, 0x5B, 0x64, 0x61, 0x74, 0x61, 0x2D,
    0x70, 0x61, 0x67, 0x65, 0x6C, 0x65, 0x74, 0x2A, 0x3D, 0x22, 0x41, 0x64, 0x22, 0x5D, 0x27, 0x2C,
    0x20, 0x27, 0x5B, 0x64, 0x61, 0x74, 0x61, 0x2D, 0x74, 0x65, 0x73, 0x74, 0x69, 0x64, 0x3D, 0x22,
    0x70, 0x6C, 0x61, 0x63, 0x65, 0x6D, 0x65, 0x6E, 0x74, 0x54, 0x72, 0x61, 0x63, 0x6B, 0x69, 0x6E,
    0x67, 0x22, 0x5D, 0x27, 0x2C, 0x0A, 0x20, 0x20, 0x20, 0x20, 0x27, 0x64, 0x69, 0x76, 0x5B, 0x72,
    0x6F, 0x6C, 0x65, 0x3D, 0x22, 0x63, 0x6F, 0x6D, 0x70, 0x6C, 0x65, 0x6D, 0x65, 0x6E, 0x74, 0x61,
    0x72, 0x79, 0x22, 0x5D, 0x20, 0x69, 0x66, 0x72, 0x61, 0x6D, 0x65, 0x5B, 0x73, 0x72, 0x63, 0x2A,
    0x3D, 0x22, 0x61, 0x64, 0x73, 0x22, 0x5D, 0x27, 0x0A, 0x20, 0x20, 0x5D, 0x3B, 0x0A, 0x0A, 0x20,
    0x20, 0x66, 0x75, 0x6E, 0x63, 0x74, 0x69, 0x6F, 0x6E, 0x20, 0x6C, 0x6F, 0x6F, 0x6B, 0x73, 0x4C,
    0x69, 0x6B, 0x65, 0x41, 0x64, 0x28, 0x6E, 0x6F, 0x64, 0x65, 0x29, 0x20, 0x7B, 0x0A, 0x20, 0x20,
    0x20, 0x20, 0x69, 0x66, 0x20, 0x28, 0x21, 0x6E, 0x6F, 0x64, 0x65, 0x20, 0x7C, 0x7C, 0x20, 0x6E,
    0x6F, 0x64, 0x65, 0x2E, 0x6E, 0x6F, 0x64, 0x65, 0x54, 0x79, 0x70, 0x65, 0x20, 0x21, 0x3D, 0x3D,
    0x20, 0x31, 0x29, 0x20, 0x72, 0x65, 0x74, 0x75, 0x72, 0x6E, 0x20, 0x66, 0x61, 0x6C, 0x73, 0x65,
    0x3B, 0x0A, 0x20, 0x20, 0x20, 0x20, 0x63, 0x6F, 0x6E, 0x73, 0x74, 0x20, 0x65, 0x6C, 0x65, 0x6D,
    0x65, 0x6E, 0x74, 0x20, 0x3D, 0x20, 0x6E, 0x6F, 0x64, 0x65, 0x3B, 0x0A, 0x20, 0x20, 0x20, 0x20,
    0x69, 0x66, 0x20, 0x28, 0x69, 0x73, 0x45, 0x78, 0x70, 0x6C, 0x69, 0x63, 0x69, 0x74, 0x41, 0x64,
    0x4E, 0x6F, 0x64, 0x65, 0x28, 0x65, 0x6C, 0x65, 0x6D, 0x65, 0x6E, 0x74, 0x29, 0x29, 0x20, 0x72,
    0x65, 0x74, 0x75, 0x72, 0x6E, 0x20, 0x74, 0x72, 0x75, 0x65, 0x3B, 0x0A, 0x20, 0x20, 0x20, 0x20,
    0x69, 0x66, 0x20, 0x28, 0x69, 0x73, 0x50, 0x72, 0x6F, 0x74, 0x65, 0x63, 0x74, 0x65, 0x64, 0x4D,
    0x65, 0x64, 0x69, 0x61, 0x4E, 0x6F, 0x64, 0x65, 0x28, 0x65, 0x6C, 0x65, 0x6D, 0x65, 0x6E, 0x74,
    0x29, 0x29, 0x20, 0x72, 0x65, 0x74, 0x75, 0x72, 0x6E, 0x20, 0x66, 0x61, 0x6C, 0x73, 0x65, 0x3B,
    0x0A, 0x20, 0x20, 0x20, 0x20, 0x63, 0x6F, 0x6E, 0x73, 0x74, 0x20, 0x74, 0x61, 0x67, 0x20, 0x3D,
    0x20, 0x53, 0x74, 0x72, 0x69, 0x6E, 0x67, 0x28, 0x65, 0x6C, 0x65, 0x6D, 0x65, 0x6E, 0x74, 0x2E,
    0x74, 0x61, 0x67, 0x4E, 0x61, 0x6D, 0x65, 0x20, 0x7C, 0x7C, 0x20, 0x27, 0x27, 0x29, 0x2E, 0x74,
    0x6F, 0x4C, 0x6F, 0x77, 0x65, 0x72, 0x43, 0x61, 0x73, 0x65, 0x28, 0x29, 0x3B, 0x0A, 0x20, 0x20,
    0x20, 0x20, 0x63, 0x6F, 0x6E, 0x73, 0x74, 0x20, 0x73, 0x6F, 0x75, 0x72, 0x63, 0x65, 0x20, 0x3D,
    0x20, 0x65, 0x6C, 0x65, 0x6D, 0x65, 0x6E, 0x74, 0x2E, 0x67, 0x65, 0x74, 0x41, 0x74, 0x74, 0x72,
    0x69, 0x62, 0x75, 0x74, 0x65, 0x20, 0x26, 0x26, 0x0A, 0x20, 0x20, 0x20, 0x20, 0x20, 0x20, 0x28,
    0x65, 0x6C, 0x65, 0x6D, 0x65, 0x6E, 0x74, 0x2E, 0x67, 0x65, 0x74, 0x41, 0x74, 0x74, 0x72, 0x69,
    0x62, 0x75, 0x74, 0x65, 0x28, 0x27, 0x73, 0x72, 0x63, 0x27, 0x29, 0x20, 0x7C, 0x7C, 0x20, 0x65,
    0x6C, 0x65, 0x6D, 0x65, 0x6E, 0x74, 0x2E, 0x67, 0x65, 0x74, 0x41, 0x74, 0x74, 0x72, 0x69, 0x62,
    0x75, 0x74, 0x65, 0x28, 0x27, 0x68, 0x72, 0x65, 0x66, 0x27, 0x29, 0x20, 0x7C, 0x7C, 0x20, 0x65,
    0x6C, 0x65, 0x6D, 0x65, 0x6E, 0x74, 0x2E, 0x67, 0x65, 0x74, 0x41, 0x74, 0x74, 0x72, 0x69, 0x62,
    0x75, 0x74, 0x65, 0x28, 0x27, 0x64, 0x61, 0x74, 0x61, 0x2D, 0x73, 0x72, 0x63, 0x27, 0x29, 0x29,
    0x3B, 0x0A, 0x20, 0x20, 0x20, 0x20, 0x69, 0x66, 0x20, 0x28, 0x73, 0x6F, 0x75, 0x72, 0x63, 0x65,
    0x20, 0x26, 0x26, 0x20, 0x73, 0x68, 0x6F, 0x75, 0x6C, 0x64, 0x42, 0x6C, 0x6F, 0x63, 0x6B, 0x28,
    0x73, 0x6F, 0x75, 0x72, 0x63, 0x65, 0x29, 0x29, 0x20, 0x72, 0x65, 0x74, 0x75, 0x72, 0x6E, 0x20,
    0x74, 0x72, 0x75, 0x65, 0x3B, 0x0A, 0x20, 0x20, 0x20, 0x20, 0x69, 0x66, 0x20, 0x28, 0x65, 0x6C,
    0x65, 0x6D, 0x65, 0x6E, 0x74, 0x2E, 0x64, 0x61, 0x74, 0x61, 0x73, 0x65, 0x74, 0x20, 0x26, 0x26,
    0x20, 0x65, 0x6C, 0x65, 0x6D, 0x65, 0x6E, 0x74, 0x2E, 0x64, 0x61, 0x74, 0x61, 0x73, 0x65, 0x74,
    0x2E, 0x67, 0x6F, 0x6F, 0x67, 0x6C, 0x65, 0x42, 0x6C, 0x6F, 0x63, 0x6B, 0x65, 0x64, 0x20, 0x3D,
    0x3D, 0x3D, 0x20, 0x27, 0x31, 0x27, 0x29, 0x20, 0x72, 0x65, 0x74, 0x75, 0x72, 0x6E, 0x20, 0x74,
    0x72, 0x75, 0x65, 0x3B, 0x0A, 0x0A, 0x20, 0x20, 0x20, 0x20, 0x63, 0x6F, 0x6E, 0x73, 0x74, 0x20,
    0x69, 0x64, 0x65, 0x6E, 0x74, 0x69, 0x74, 0x79, 0x20, 0x3D, 0x20, 0x5B, 0x65, 0x6C, 0x65, 0x6D,
    0x65, 0x6E, 0x74, 0x2E, 0x69, 0x64, 0x2C, 0x20, 0x65, 0x6C, 0x65, 0x6D, 0x65, 0x6E, 0x74, 0x2E,
    0x63, 0x6C, 0x61, 0x73, 0x73, 0x4E, 0x61, 0x6D, 0x65, 0x2C, 0x0A, 0x20, 0x20, 0x20, 0x20, 0x20,
    0x20, 0x65, 0x6C, 0x65, 0x6D, 0x65, 0x6E, 0x74, 0x2E, 0x67, 0x65, 0x74, 0x41, 0x74, 0x74, 0x72,
    0x69, 0x62, 0x75, 0x74, 0x65, 0x20, 0x26, 0x26, 0x20, 0x65, 0x6C, 0x65, 0x6D, 0x65, 0x6E, 0x74,
    0x2E, 0x67, 0x65, 0x74, 0x41, 0x74, 0x74, 0x72, 0x69, 0x62, 0x75, 0x74, 0x65, 0x28, 0x27, 0x61,
    0x72, 0x69, 0x61, 0x2D, 0x6C, 0x61, 0x62, 0x65, 0x6C, 0x27, 0x29, 0x2C, 0x0A, 0x20, 0x20, 0x20,
    0x20, 0x20, 0x20, 0x65, 0x6C, 0x65, 0x6D, 0x65, 0x6E, 0x74, 0x2E, 0x67, 0x65, 0x74, 0x41, 0x74,
    0x74, 0x72, 0x69, 0x62, 0x75, 0x74, 0x65, 0x20, 0x26, 0x26, 0x20, 0x65, 0x6C, 0x65, 0x6D, 0x65,
    0x6E, 0x74, 0x2E, 0x67, 0x65, 0x74, 0x41, 0x74, 0x74, 0x72, 0x69, 0x62, 0x75, 0x74, 0x65, 0x28,
    0x27, 0x64, 0x61, 0x74, 0x61, 0x2D, 0x74, 0x65, 0x73, 0x74, 0x69, 0x64, 0x27, 0x29, 0x5D, 0x0A,
    0x20, 0x20, 0x20, 0x20, 0x20, 0x20, 0x2E, 0x66, 0x69, 0x6C, 0x74, 0x65, 0x72, 0x28, 0x42, 0x6F,
    0x6F, 0x6C, 0x65, 0x61, 0x6E, 0x29, 0x2E, 0x6A, 0x6F, 0x69, 0x6E, 0x28, 0x27, 0x20, 0x27, 0x29,
    0x2E, 0x73, 0x6C, 0x69, 0x63, 0x65, 0x28, 0x30, 0x2C, 0x20, 0x35, 0x31, 0x32, 0x29, 0x3B, 0x0A,
    0x20, 0x20, 0x20, 0x20, 0x69, 0x66, 0x20, 0x28, 0x69, 0x64, 0x65, 0x6E, 0x74, 0x69, 0x74, 0x79,
    0x20, 0x26, 0x26, 0x20, 0x21, 0x73, 0x61, 0x66, 0x65, 0x57, 0x6F, 0x72, 0x64, 0x73, 0x2E, 0x74,
    0x65, 0x73, 0x74, 0x28, 0x69, 0x64, 0x65, 0x6E, 0x74, 0x69, 0x74, 0x79, 0x29, 0x20, 0x26, 0x26,
    0x20, 0x61, 0x64, 0x57, 0x6F, 0x72, 0x64, 0x73, 0x2E, 0x74, 0x65, 0x73, 0x74, 0x28, 0x69, 0x64,
    0x65, 0x6E, 0x74, 0x69, 0x74, 0x79, 0x29, 0x29, 0x20, 0x72, 0x65, 0x74, 0x75, 0x72, 0x6E, 0x20,
    0x74, 0x72, 0x75, 0x65, 0x3B, 0x0A, 0x0A, 0x20, 0x20, 0x20, 0x20, 0x69, 0x66, 0x20, 0x28, 0x74,
    0x61, 0x67, 0x20, 0x3D, 0x3D, 0x3D, 0x20, 0x27, 0x69, 0x66, 0x72, 0x61, 0x6D, 0x65, 0x27, 0x20,
    0x7C, 0x7C, 0x20, 0x74, 0x61, 0x67, 0x20, 0x3D, 0x3D, 0x3D, 0x20, 0x27, 0x73, 0x63, 0x72, 0x69,
    0x70, 0x74, 0x27, 0x20, 0x7C, 0x7C, 0x20, 0x74, 0x61, 0x67, 0x20, 0x3D, 0x3D, 0x3D, 0x20, 0x27,
    0x69, 0x6D, 0x67, 0x27, 0x20, 0x7C, 0x7C, 0x20, 0x74, 0x61, 0x67, 0x20, 0x3D, 0x3D, 0x3D, 0x20,
    0x27, 0x6C, 0x69, 0x6E, 0x6B, 0x27, 0x29, 0x20, 0x7B, 0x0A, 0x20, 0x20, 0x20, 0x20, 0x20, 0x20,
    0x72, 0x65, 0x74, 0x75, 0x72, 0x6E, 0x20, 0x21, 0x21, 0x28, 0x73, 0x6F, 0x75, 0x72, 0x63, 0x65,
    0x20, 0x26, 0x26, 0x20, 0x73, 0x68, 0x6F, 0x75, 0x6C, 0x64, 0x42, 0x6C, 0x6F, 0x63, 0x6B, 0x28,
    0x73, 0x6F, 0x75, 0x72, 0x63, 0x65, 0x29, 0x29, 0x3B, 0x0A, 0x20, 0x20, 0x20, 0x20, 0x7D, 0x0A,
    0x20, 0x20, 0x20, 0x20, 0x72, 0x65, 0x74, 0x75, 0x72, 0x6E, 0x20, 0x66, 0x61, 0x6C, 0x73, 0x65,
    0x3B, 0x0A, 0x20, 0x20, 0x7D, 0x0A, 0x0A, 0x20, 0x20, 0x66, 0x75, 0x6E, 0x63, 0x74, 0x69, 0x6F,
    0x6E, 0x20, 0x72, 0x65, 0x6D, 0x6F, 0x76, 0x65, 0x53, 0x70, 0x6F, 0x6E, 0x73, 0x6F, 0x72, 0x65,
    0x64, 0x46, 0x65, 0x65, 0x64, 0x73, 0x28, 0x72, 0x6F, 0x6F, 0x74, 0x29, 0x20, 0x7B, 0x0A, 0x20,
    0x20, 0x20, 0x20, 0x63, 0x6F, 0x6E, 0x73, 0x74, 0x20, 0x63, 0x61, 0x6E, 0x64, 0x69, 0x64, 0x61,
    0x74, 0x65, 0x73, 0x20, 0x3D, 0x20, 0x72, 0x6F, 0x6F, 0x74, 0x2E, 0x71, 0x75, 0x65, 0x72, 0x79,
    0x53, 0x65, 0x6C, 0x65, 0x63, 0x74, 0x6F, 0x72, 0x41, 0x6C, 0x6C, 0x20, 0x3F, 0x20, 0x72, 0x6F,
    0x6F, 0x74, 0x2E, 0x71, 0x75, 0x65, 0x72, 0x79, 0x53, 0x65, 0x6C, 0x65, 0x63, 0x74, 0x6F, 0x72,
    0x41, 0x6C, 0x6C, 0x28, 0x0A, 0x20, 0x20, 0x20, 0x20, 0x20, 0x20, 0x27, 0x61, 0x72, 0x74, 0x69,
    0x63, 0x6C, 0x65, 0x2C, 0x20, 0x5B, 0x72, 0x6F, 0x6C, 0x65, 0x3D, 0x22, 0x61, 0x72, 0x74, 0x69,
    0x63, 0x6C, 0x65, 0x22, 0x5D, 0x2C, 0x20, 0x79, 0x74, 0x64, 0x2D, 0x72, 0x69, 0x63, 0x68, 0x2D,
    0x69, 0x74, 0x65, 0x6D, 0x2D, 0x72, 0x65, 0x6E, 0x64, 0x65, 0x72, 0x65, 0x72, 0x2C, 0x20, 0x79,
    0x74, 0x64, 0x2D, 0x76, 0x69, 0x64, 0x65, 0x6F, 0x2D, 0x72, 0x65, 0x6E, 0x64, 0x65, 0x72, 0x65,
    0x72, 0x2C, 0x20, 0x64, 0x69, 0x76, 0x5B, 0x64, 0x61, 0x74, 0x61, 0x2D, 0x70, 0x61, 0x67, 0x65,
    0x6C, 0x65, 0x74, 0x5E, 0x3D, 0x22, 0x46, 0x65, 0x65, 0x64, 0x55, 0x6E, 0x69, 0x74, 0x5F, 0x22,
    0x5D, 0x27, 0x0A, 0x20, 0x20, 0x20, 0x20, 0x29, 0x20, 0x3A, 0x20, 0x5B, 0x5D, 0x3B, 0x0A, 0x20,
    0x20, 0x20, 0x20, 0x66, 0x6F, 0x72, 0x20, 0x28, 0x63, 0x6F, 0x6E, 0x73, 0x74, 0x20, 0x69, 0x74,
    0x65, 0x6D, 0x20, 0x6F, 0x66, 0x20, 0x63, 0x61, 0x6E, 0x64, 0x69, 0x64, 0x61, 0x74, 0x65, 0x73,
    0x29, 0x20, 0x7B, 0x0A, 0x20, 0x20, 0x20, 0x20, 0x20, 0x20, 0x69, 0x66, 0x20, 0x28, 0x69, 0x73,
    0x50, 0x72, 0x6F, 0x74, 0x65, 0x63, 0x74, 0x65, 0x64, 0x4D, 0x65, 0x64, 0x69, 0x61, 0x4E, 0x6F,
    0x64, 0x65, 0x28, 0x69, 0x74, 0x65, 0x6D, 0x29, 0x29, 0x20, 0x63, 0x6F, 0x6E, 0x74, 0x69, 0x6E,
    0x75, 0x65, 0x3B, 0x0A, 0x20, 0x20, 0x20, 0x20, 0x20, 0x20, 0x63, 0x6F, 0x6E, 0x73, 0x74, 0x20,
    0x74, 0x65, 0x78, 0x74, 0x20, 0x3D, 0x20, 0x53, 0x74, 0x72, 0x69, 0x6E, 0x67, 0x28, 0x69, 0x74,
    0x65, 0x6D, 0x2E, 0x69, 0x6E, 0x6E, 0x65, 0x72, 0x54, 0x65, 0x78, 0x74, 0x20, 0x7C, 0x7C, 0x20,
    0x27, 0x27, 0x29, 0x2E, 0x73, 0x6C, 0x69, 0x63, 0x65, 0x28, 0x30, 0x2C, 0x20, 0x36, 0x30, 0x30,
    0x29, 0x3B, 0x0A, 0x20, 0x20, 0x20, 0x20, 0x20, 0x20, 0x69, 0x66, 0x20, 0x28, 0x2F, 0x5C, 0x62,
    0x28, 0x53, 0x70, 0x6F, 0x6E, 0x73, 0x6F, 0x72, 0x65, 0x64, 0x7C, 0x50, 0x72, 0x6F, 0x6D, 0x6F,
    0x74, 0x65, 0x64, 0x7C, 0x50, 0x61, 0x69, 0x64, 0x20, 0x70, 0x61, 0x72, 0x74, 0x6E, 0x65, 0x72,
    0x73, 0x68, 0x69, 0x70, 0x7C, 0x53, 0x75, 0x67, 0x67, 0x65, 0x73, 0x74, 0x65, 0x64, 0x20, 0x66,
    0x6F, 0x72, 0x20, 0x79, 0x6F, 0x75, 0x29, 0x5C, 0x62, 0x2F, 0x69, 0x2E, 0x74, 0x65, 0x73, 0x74,
    0x28, 0x74, 0x65, 0x78, 0x74, 0x29, 0x29, 0x20, 0x7B, 0x0A, 0x20, 0x20, 0x20, 0x20, 0x20, 0x20,
    0x20, 0x20, 0x69, 0x74, 0x65, 0x6D, 0x2E, 0x72, 0x65, 0x6D, 0x6F, 0x76, 0x65, 0x28, 0x29, 0x3B,
    0x0A, 0x20, 0x20, 0x20, 0x20, 0x20, 0x20, 0x7D, 0x0A, 0x20, 0x20, 0x20, 0x20, 0x7D, 0x0A, 0x20,
    0x20, 0x7D, 0x0A, 0x0A, 0x20, 0x20, 0x66, 0x75, 0x6E, 0x63, 0x74, 0x69, 0x6F, 0x6E, 0x20, 0x79,
    0x6F, 0x75, 0x74, 0x75, 0x62, 0x65, 0x43, 0x6C, 0x65, 0x61, 0x6E, 0x75, 0x70, 0x28, 0x72, 0x6F,
    0x6F, 0x74, 0x29, 0x20, 0x7B, 0x0A, 0x20, 0x20, 0x20, 0x20, 0x74, 0x72, 0x79, 0x20, 0x7B, 0x0A,
    0x20, 0x20, 0x20, 0x20, 0x20, 0x20, 0x69, 0x66, 0x20, 0x28, 0x77, 0x69, 0x6E, 0x64, 0x6F, 0x77,
    0x2E, 0x79, 0x74, 0x49, 0x6E, 0x69, 0x74, 0x69, 0x61, 0x6C, 0x50, 0x6C, 0x61, 0x79, 0x65, 0x72,
    0x52, 0x65, 0x73, 0x70, 0x6F, 0x6E, 0x73, 0x65, 0x29, 0x20, 0x73, 0x74, 0x72, 0x69, 0x70, 0x59,
    0x6F, 0x75, 0x54, 0x75, 0x62, 0x65, 0x41, 0x64, 0x73, 0x28, 0x77, 0x69, 0x6E, 0x64, 0x6F, 0x77,
    0x2E, 0x79, 0x74, 0x49, 0x6E, 0x69, 0x74, 0x69, 0x61, 0x6C, 0x50, 0x6C, 0x61, 0x79, 0x65, 0x72,
    0x52, 0x65, 0x73, 0x70, 0x6F, 0x6E, 0x73, 0x65, 0x29, 0x3B, 0x0A, 0x20, 0x20, 0x20, 0x20, 0x20,
    0x20, 0x69, 0x66, 0x20, 0x28, 0x77, 0x69, 0x6E, 0x64, 0x6F, 0x77, 0x2E, 0x79, 0x74, 0x49, 0x6E,
    0x69, 0x74, 0x69, 0x61, 0x6C, 0x44, 0x61, 0x74, 0x61, 0x29, 0x20, 0x73, 0x74, 0x72, 0x69, 0x70,
    0x59, 0x6F, 0x75, 0x54, 0x75, 0x62, 0x65, 0x41, 0x64, 0x73, 0x28, 0x77, 0x69, 0x6E, 0x64, 0x6F,
    0x77, 0x2E, 0x79, 0x74, 0x49, 0x6E, 0x69, 0x74, 0x69, 0x61, 0x6C, 0x44, 0x61, 0x74, 0x61, 0x29,
    0x3B, 0x0A, 0x20, 0x20, 0x20, 0x20, 0x20, 0x20, 0x72, 0x6F, 0x6F, 0x74, 0x2E, 0x71, 0x75, 0x65,
    0x72, 0x79, 0x53, 0x65, 0x6C, 0x65, 0x63, 0x74, 0x6F, 0x72, 0x41, 0x6C, 0x6C, 0x28, 0x65, 0x78,
    0x70, 0x6C, 0x69, 0x63, 0x69, 0x74, 0x41, 0x64, 0x53, 0x65, 0x6C, 0x65, 0x63, 0x74, 0x6F, 0x72,
    0x29, 0x2E, 0x66, 0x6F, 0x72, 0x45, 0x61, 0x63, 0x68, 0x28, 0x6E, 0x6F, 0x64, 0x65, 0x20, 0x3D,
    0x3E, 0x20, 0x6E, 0x6F, 0x64, 0x65, 0x2E, 0x72, 0x65, 0x6D, 0x6F, 0x76, 0x65, 0x28, 0x29, 0x29,
    0x3B, 0x0A, 0x0A, 0x20, 0x20, 0x20, 0x20, 0x20, 0x20, 0x63, 0x6F, 0x6E, 0x73, 0x74, 0x20, 0x73,
    0x6B, 0x69, 0x70, 0x53, 0x65, 0x6C, 0x65, 0x63, 0x74, 0x6F, 0x72, 0x73, 0x20, 0x3D, 0x20, 0x5B,
    0x0A, 0x20, 0x20, 0x20, 0x20, 0x20, 0x20, 0x20, 0x20, 0x27, 0x2E, 0x79, 0x74, 0x70, 0x2D, 0x61,
    0x64, 0x2D, 0x73, 0x6B, 0x69, 0x70, 0x2D, 0x62, 0x75, 0x74, 0x74, 0x6F, 0x6E, 0x27, 0x2C, 0x20,
    0x27, 0x2E, 0x79, 0x74, 0x70, 0x2D, 0x61, 0x64, 0x2D, 0x73, 0x6B, 0x69, 0x70, 0x2D, 0x62, 0x75,
    0x74, 0x74, 0x6F, 0x6E, 0x2D, 0x6D, 0x6F, 0x64, 0x65, 0x72, 0x6E, 0x27, 0x2C, 0x20, 0x27, 0x2E,
    0x79, 0x74, 0x70, 0x2D, 0x73, 0x6B, 0x69, 0x70, 0x2D, 0x61, 0x64, 0x2D, 0x62, 0x75, 0x74, 0x74,
    0x6F, 0x6E, 0x27, 0x2C, 0x0A, 0x20, 0x20, 0x20, 0x20, 0x20, 0x20, 0x20, 0x20, 0x27, 0x62, 0x75,
    0x74, 0x74, 0x6F, 0x6E, 0x2E, 0x79, 0x74, 0x70, 0x2D, 0x61, 0x64, 0x2D, 0x73, 0x6B, 0x69, 0x70,
    0x2D, 0x62, 0x75, 0x74, 0x74, 0x6F, 0x6E, 0x2D, 0x6D, 0x6F, 0x64, 0x65, 0x72, 0x6E, 0x27, 0x2C,
    0x20, 0x27, 0x2E, 0x79, 0x74, 0x70, 0x2D, 0x61, 0x64, 0x2D, 0x73, 0x6B, 0x69, 0x70, 0x2D, 0x62,
    0x75, 0x74, 0x74, 0x6F, 0x6E, 0x2D, 0x63, 0x6F, 0x6E, 0x74, 0x61, 0x69, 0x6E, 0x65, 0x72, 0x20,
    0x62, 0x75, 0x74, 0x74, 0x6F, 0x6E, 0x27, 0x2C, 0x0A, 0x20, 0x20, 0x20, 0x20, 0x20, 0x20, 0x20,
    0x20, 0x27, 0x2E, 0x79, 0x74, 0x70, 0x2D, 0x61, 0x64, 0x2D, 0x73, 0x6B, 0x69, 0x70, 0x2D, 0x62,
    0x75, 0x74, 0x74, 0x6F, 0x6E, 0x2D, 0x73, 0x6C, 0x6F, 0x74, 0x20, 0x62, 0x75, 0x74, 0x74, 0x6F,
    0x6E, 0x27, 0x2C, 0x20, 0x27, 0x62, 0x75, 0x74, 0x74, 0x6F, 0x6E, 0x5B, 0x61, 0x72, 0x69, 0x61,
    0x2D, 0x6C, 0x61, 0x62, 0x65, 0x6C, 0x2A, 0x3D, 0x22, 0x53, 0x6B, 0x69, 0x70, 0x22, 0x5D, 0x27,
    0x0A, 0x20, 0x20, 0x20, 0x20, 0x20, 0x20, 0x5D, 0x2E, 0x6A, 0x6F, 0x69, 0x6E, 0x28, 0x27, 0x2C,
    0x27, 0x29, 0x3B, 0x0A, 0x20, 0x20, 0x20, 0x20, 0x20, 0x20, 0x72, 0x6F, 0x6F, 0x74, 0x2E, 0x71,
    0x75, 0x65, 0x72, 0x79, 0x53, 0x65, 0x6C, 0x65, 0x63, 0x74, 0x6F, 0x72, 0x41, 0x6C, 0x6C, 0x28,
    0x73, 0x6B, 0x69, 0x70, 0x53, 0x65, 0x6C, 0x65, 0x63, 0x74, 0x6F, 0x72, 0x73, 0x29, 0x2E, 0x66,
    0x6F, 0x72, 0x45, 0x61, 0x63, 0x68, 0x28, 0x73, 0x6B, 0x69, 0x70, 0x20, 0x3D, 0x3E, 0x20, 0x7B,
    0x0A, 0x20, 0x20, 0x20, 0x20, 0x20, 0x20, 0x20, 0x20, 0x74, 0x72, 0x79, 0x20, 0x7B, 0x20, 0x73,
    0x6B, 0x69, 0x70, 0x2E, 0x63, 0x6C, 0x69, 0x63, 0x6B, 0x28, 0x29, 0x3B, 0x20, 0x7D, 0x20, 0x63,
    0x61, 0x74, 0x63, 0x68, 0x20, 0x28, 0x5F, 0x29, 0x20, 0x7B, 0x7D, 0x0A, 0x20, 0x20, 0x20, 0x20,
    0x20, 0x20, 0x7D, 0x29, 0x3B, 0x0A, 0x20, 0x20, 0x20, 0x20, 0x20, 0x20, 0x66, 0x6F, 0x72, 0x20,
    0x28, 0x63, 0x6F, 0x6E, 0x73, 0x74, 0x20, 0x62, 0x75, 0x74, 0x74, 0x6F, 0x6E, 0x20, 0x6F, 0x66,
    0x20, 0x72, 0x6F, 0x6F, 0x74, 0x2E, 0x71, 0x75, 0x65, 0x72, 0x79, 0x53, 0x65, 0x6C, 0x65, 0x63,
    0x74, 0x6F, 0x72, 0x41, 0x6C, 0x6C, 0x28, 0x27, 0x62, 0x75, 0x74, 0x74, 0x6F, 0x6E, 0x27, 0x29,
    0x29, 0x20, 0x7B, 0x0A, 0x20, 0x20, 0x20, 0x20, 0x20, 0x20, 0x20, 0x20, 0x63, 0x6F, 0x6E, 0x73,
    0x74, 0x20, 0x6C, 0x61, 0x62, 0x65, 0x6C, 0x20, 0x3D, 0x20, 0x53, 0x74, 0x72, 0x69, 0x6E, 0x67,
    0x28, 0x62, 0x75, 0x74, 0x74, 0x6F, 0x6E, 0x2E, 0x67, 0x65, 0x74, 0x41, 0x74, 0x74, 0x72, 0x69,
    0x62, 0x75, 0x74, 0x65, 0x28, 0x27, 0x61, 0x72, 0x69, 0x61, 0x2D, 0x6C, 0x61, 0x62, 0x65, 0x6C,
    0x27, 0x29, 0x20, 0x7C, 0x7C, 0x20, 0x62, 0x75, 0x74, 0x74, 0x6F, 0x6E, 0x2E, 0x74, 0x65, 0x78,
    0x74, 0x43, 0x6F, 0x6E, 0x74, 0x65, 0x6E, 0x74, 0x20, 0x7C, 0x7C, 0x20, 0x27, 0x27, 0x29, 0x2E,
    0x74, 0x72, 0x69, 0x6D, 0x28, 0x29, 0x3B, 0x0A, 0x20, 0x20, 0x20, 0x20, 0x20, 0x20, 0x20, 0x20,
    0x69, 0x66, 0x20, 0x28, 0x2F, 0x5E, 0x28, 0x73, 0x6B, 0x69, 0x70, 0x7C, 0x73, 0x6B, 0x69, 0x70,
    0x20, 0x61, 0x64, 0x7C, 0x73, 0x6B, 0x69, 0x70, 0x20, 0x61, 0x64, 0x73, 0x7C, 0x73, 0x6B, 0x69,
    0x70, 0x20, 0x76, 0x69, 0x64, 0x65, 0x6F, 0x29, 0x2F, 0x69, 0x2E, 0x74, 0x65, 0x73, 0x74, 0x28,
    0x6C, 0x61, 0x62, 0x65, 0x6C, 0x29, 0x29, 0x20, 0x7B, 0x0A, 0x20, 0x20, 0x20, 0x20, 0x20, 0x20,
    0x20, 0x20, 0x20, 0x20, 0x74, 0x72, 0x79, 0x20, 0x7B, 0x20, 0x62, 0x75, 0x74, 0x74, 0x6F, 0x6E,
    0x2E, 0x63, 0x6C, 0x69, 0x63, 0x6B, 0x28, 0x29, 0x3B, 0x20, 0x7D, 0x20, 0x63, 0x61, 0x74, 0x63,
    0x68, 0x20, 0x28, 0x5F, 0x29, 0x20, 0x7B, 0x7D, 0x0A, 0x20, 0x20, 0x20, 0x20, 0x20, 0x20, 0x20,
    0x20, 0x7D, 0x0A, 0x20, 0x20, 0x20, 0x20, 0x20, 0x20, 0x7D, 0x0A, 0x0A, 0x20, 0x20, 0x20, 0x20,
    0x20, 0x20, 0x63, 0x6F, 0x6E, 0x73, 0x74, 0x20, 0x70, 0x6C, 0x61, 0x79, 0x65, 0x72, 0x20, 0x3D,
    0x20, 0x72, 0x6F, 0x6F, 0x74, 0x2E, 0x71, 0x75, 0x65, 0x72, 0x79, 0x53, 0x65, 0x6C, 0x65, 0x63,
    0x74, 0x6F, 0x72, 0x28, 0x27, 0x23, 0x6D, 0x6F, 0x76, 0x69, 0x65, 0x5F, 0x70, 0x6C, 0x61, 0x79,
    0x65, 0x72, 0x2C, 0x2E, 0x68, 0x74, 0x6D, 0x6C, 0x35, 0x2D, 0x76, 0x69, 0x64, 0x65, 0x6F, 0x2D,
    0x70, 0x6C, 0x61, 0x79, 0x65, 0x72, 0x27, 0x29, 0x3B, 0x0A, 0x20, 0x20, 0x20, 0x20, 0x20, 0x20,
    0x63, 0x6F, 0x6E, 0x73, 0x74, 0x20, 0x76, 0x69, 0x64, 0x65, 0x6F, 0x20, 0x3D, 0x20, 0x70, 0x6C,
    0x61, 0x79, 0x65, 0x72, 0x20, 0x3F, 0x20, 0x70, 0x6C, 0x61, 0x79, 0x65, 0x72, 0x2E, 0x71, 0x75,
    0x65, 0x72, 0x79, 0x53, 0x65, 0x6C, 0x65, 0x63, 0x74, 0x6F, 0x72, 0x28, 0x27, 0x76, 0x69, 0x64,
    0x65, 0x6F, 0x27, 0x29, 0x20, 0x3A, 0x20, 0x72, 0x6F, 0x6F, 0x74, 0x2E, 0x71, 0x75, 0x65, 0x72,
    0x79, 0x53, 0x65, 0x6C, 0x65, 0x63, 0x74, 0x6F, 0x72, 0x28, 0x27, 0x76, 0x69, 0x64, 0x65, 0x6F,
    0x27, 0x29, 0x3B, 0x0A, 0x20, 0x20, 0x20, 0x20, 0x20, 0x20, 0x63, 0x6F, 0x6E, 0x73, 0x74, 0x20,
    0x61, 0x64, 0x49, 0x6E, 0x64, 0x69, 0x63, 0x61, 0x74, 0x6F, 0x72, 0x20, 0x3D, 0x20, 0x72, 0x6F,
    0x6F, 0x74, 0x2E, 0x71, 0x75, 0x65, 0x72, 0x79, 0x53, 0x65, 0x6C, 0x65, 0x63, 0x74, 0x6F, 0x72,
    0x28, 0x5B, 0x0A, 0x20, 0x20, 0x20, 0x20, 0x20, 0x20, 0x20, 0x20, 0x27, 0x2E, 0x79, 0x74, 0x70,
    0x2D, 0x61, 0x64, 0x2D, 0x70, 0x72, 0x65, 0x76, 0x69, 0x65, 0x77, 0x2D, 0x63, 0x6F, 0x6E, 0x74,
    0x61, 0x69, 0x6E, 0x65, 0x72, 0x27, 0x2C, 0x20, 0x27, 0x2E, 0x79, 0x74, 0x70, 0x2D, 0x61, 0x64,
    0x2D, 0x70, 0x72, 0x65, 0x76, 0x69, 0x65, 0x77, 0x2D, 0x74, 0x65, 0x78, 0x74, 0x27, 0x2C, 0x20,
    0x27, 0x2E, 0x79, 0x74, 0x70, 0x2D, 0x61, 0x64, 0x2D, 0x73, 0x69, 0x6D, 0x70, 0x6C, 0x65, 0x2D,
    0x61, 0x64, 0x2D, 0x62, 0x61, 0x64, 0x67, 0x65, 0x27, 0x2C, 0x0A, 0x20, 0x20, 0x20, 0x20, 0x20,
    0x20, 0x20, 0x20, 0x27, 0x2E, 0x79, 0x74, 0x70, 0x2D, 0x61, 0x64, 0x2D, 0x64, 0x75, 0x72, 0x61,
    0x74, 0x69, 0x6F, 0x6E, 0x2D, 0x72, 0x65, 0x6D, 0x61, 0x69, 0x6E, 0x69, 0x6E, 0x67, 0x27, 0x2C,
    0x20, 0x27, 0x2E, 0x79, 0x74, 0x70, 0x2D, 0x61, 0x64, 0x2D, 0x73, 0x6B, 0x69, 0x70, 0x2D, 0x62,
    0x75, 0x74, 0x74, 0x6F, 0x6E, 0x2D, 0x73, 0x6C, 0x6F, 0x74, 0x27, 0x2C, 0x20, 0x27, 0x2E, 0x76,
    0x69, 0x64, 0x65, 0x6F, 0x2D, 0x61, 0x64, 0x73, 0x27, 0x0A, 0x20, 0x20, 0x20, 0x20, 0x20, 0x20,
    0x5D, 0x2E, 0x6A, 0x6F, 0x69, 0x6E, 0x28, 0x27, 0x2C, 0x27, 0x29, 0x29, 0x3B, 0x0A, 0x20, 0x20,
    0x20, 0x20, 0x20, 0x20, 0x63, 0x6F, 0x6E, 0x73, 0x74, 0x20, 0x61, 0x64, 0x53, 0x68, 0x6F, 0x77,
    0x69, 0x6E, 0x67, 0x20, 0x3D, 0x20, 0x21, 0x21, 0x28, 0x28, 0x70, 0x6C, 0x61, 0x79, 0x65, 0x72,
    0x20, 0x26, 0x26, 0x20, 0x28, 0x70, 0x6C, 0x61, 0x79, 0x65, 0x72, 0x2E, 0x63, 0x6C, 0x61, 0x73,
    0x73, 0x4C, 0x69, 0x73, 0x74, 0x2E, 0x63, 0x6F, 0x6E, 0x74, 0x61, 0x69, 0x6E, 0x73, 0x28, 0x27,
    0x61, 0x64, 0x2D, 0x73, 0x68, 0x6F, 0x77, 0x69, 0x6E, 0x67, 0x27, 0x29, 0x20, 0x7C, 0x7C, 0x0A,
    0x20, 0x20, 0x20, 0x20, 0x20, 0x20, 0x20, 0x20, 0x70, 0x6C, 0x61, 0x79, 0x65, 0x72, 0x2E, 0x63,
    0x6C, 0x61, 0x73, 0x73, 0x4C, 0x69, 0x73, 0x74, 0x2E, 0x63, 0x6F, 0x6E, 0x74, 0x61, 0x69, 0x6E,
    0x73, 0x28, 0x27, 0x61, 0x64, 0x2D, 0x69, 0x6E, 0x74, 0x65, 0x72, 0x72, 0x75, 0x70, 0x74, 0x69,
    0x6E, 0x67, 0x27, 0x29, 0x29, 0x29, 0x20, 0x7C, 0x7C, 0x20, 0x61, 0x64, 0x49, 0x6E, 0x64, 0x69,
    0x63, 0x61, 0x74, 0x6F, 0x72, 0x20, 0x7C, 0x7C, 0x0A, 0x20, 0x20, 0x20, 0x20, 0x20, 0x20, 0x20,
    0x20, 0x72, 0x6F, 0x6F, 0x74, 0x2E, 0x71, 0x75, 0x65, 0x72, 0x79, 0x53, 0x65, 0x6C, 0x65, 0x63,
    0x74, 0x6F, 0x72, 0x28, 0x27, 0x79, 0x74, 0x64, 0x2D, 0x70, 0x6C, 0x61, 0x79, 0x65, 0x72, 0x2E,
    0x61, 0x64, 0x2D, 0x73, 0x68, 0x6F, 0x77, 0x69, 0x6E, 0x67, 0x2C, 0x79, 0x74, 0x6D, 0x2D, 0x70,
    0x6C, 0x61, 0x79, 0x65, 0x72, 0x2E, 0x61, 0x64, 0x2D, 0x73, 0x68, 0x6F, 0x77, 0x69, 0x6E, 0x67,
    0x27, 0x29, 0x29, 0x3B, 0x0A, 0x20, 0x20, 0x20, 0x20, 0x20, 0x20, 0x69, 0x66, 0x20, 0x28, 0x76,
    0x69, 0x64, 0x65, 0x6F, 0x20, 0x26, 0x26, 0x20, 0x61, 0x64, 0x53, 0x68, 0x6F, 0x77, 0x69, 0x6E,
    0x67, 0x29, 0x20, 0x7B, 0x0A, 0x20, 0x20, 0x20, 0x20, 0x20, 0x20, 0x20, 0x20, 0x69, 0x66, 0x20,
    0x28, 0x21, 0x76, 0x69, 0x64, 0x65, 0x6F, 0x2E, 0x5F, 0x5F, 0x67, 0x6F, 0x6F, 0x67, 0x6C, 0x65,
    0x75, 0x69, 0x41, 0x64, 0x50, 0x6C, 0x61, 0x79, 0x62, 0x61, 0x63, 0x6B, 0x53, 0x74, 0x61, 0x74,
    0x65, 0x29, 0x20, 0x7B, 0x0A, 0x20, 0x20, 0x20, 0x20, 0x20, 0x20, 0x20, 0x20, 0x20, 0x20, 0x76,
    0x69, 0x64, 0x65, 0x6F, 0x2E, 0x5F, 0x5F, 0x67, 0x6F, 0x6F, 0x67, 0x6C, 0x65, 0x75, 0x69, 0x41,
    0x64, 0x50, 0x6C, 0x61, 0x79, 0x62, 0x61, 0x63, 0x6B, 0x53, 0x74, 0x61, 0x74, 0x65, 0x20, 0x3D,
    0x20, 0x7B, 0x0A, 0x20, 0x20, 0x20, 0x20, 0x20, 0x20, 0x20, 0x20, 0x20, 0x20, 0x20, 0x20, 0x6D,
    0x75, 0x74, 0x65, 0x64, 0x3A, 0x20, 0x21, 0x21, 0x76, 0x69, 0x64, 0x65, 0x6F, 0x2E, 0x6D, 0x75,
    0x74, 0x65, 0x64, 0x2C, 0x0A, 0x20, 0x20, 0x20, 0x20, 0x20, 0x20, 0x20, 0x20, 0x20, 0x20, 0x20,
    0x20, 0x70, 0x6C, 0x61, 0x79, 0x62, 0x61, 0x63, 0x6B, 0x52, 0x61, 0x74, 0x65, 0x3A, 0x20, 0x4E,
    0x75, 0x6D, 0x62, 0x65, 0x72, 0x28, 0x76, 0x69, 0x64, 0x65, 0x6F, 0x2E, 0x70, 0x6C, 0x61, 0x79,
    0x62, 0x61, 0x63, 0x6B, 0x52, 0x61, 0x74, 0x65, 0x29, 0x20, 0x7C, 0x7C, 0x20, 0x31, 0x2C, 0x0A,
    0x20, 0x20, 0x20, 0x20, 0x20, 0x20, 0x20, 0x20, 0x20, 0x20, 0x20, 0x20, 0x76, 0x6F, 0x6C, 0x75,
    0x6D, 0x65, 0x3A, 0x20, 0x4E, 0x75, 0x6D, 0x62, 0x65, 0x72, 0x28, 0x76, 0x69, 0x64, 0x65, 0x6F,
    0x2E, 0x76, 0x6F, 0x6C, 0x75, 0x6D, 0x65, 0x29, 0x0A, 0x20, 0x20, 0x20, 0x20, 0x20, 0x20, 0x20,
    0x20, 0x20, 0x20, 0x7D, 0x3B, 0x0A, 0x20, 0x20, 0x20, 0x20, 0x20, 0x20, 0x20, 0x20, 0x7D, 0x0A,
    0x20, 0x20, 0x20, 0x20, 0x20, 0x20, 0x20, 0x20, 0x74, 0x72, 0x79, 0x20, 0x7B, 0x20, 0x76, 0x69,
    0x64, 0x65, 0x6F, 0x2E, 0x6D, 0x75, 0x74, 0x65, 0x64, 0x20, 0x3D, 0x20, 0x74, 0x72, 0x75, 0x65,
    0x3B, 0x20, 0x7D, 0x20, 0x63, 0x61, 0x74, 0x63, 0x68, 0x20, 0x28, 0x5F, 0x29, 0x20, 0x7B, 0x7D,
    0x0A, 0x20, 0x20, 0x20, 0x20, 0x20, 0x20, 0x20, 0x20, 0x74, 0x72, 0x79, 0x20, 0x7B, 0x20, 0x76,
    0x69, 0x64, 0x65, 0x6F, 0x2E, 0x76, 0x6F, 0x6C, 0x75, 0x6D, 0x65, 0x20, 0x3D, 0x20, 0x30, 0x3B,
    0x20, 0x7D, 0x20, 0x63, 0x61, 0x74, 0x63, 0x68, 0x20, 0x28, 0x5F, 0x29, 0x20, 0x7B, 0x7D, 0x0A,
    0x20, 0x20, 0x20, 0x20, 0x20, 0x20, 0x20, 0x20, 0x74, 0x72, 0x79, 0x20, 0x7B, 0x20, 0x76, 0x69,
    0x64, 0x65, 0x6F, 0x2E, 0x70, 0x6C, 0x61, 0x79, 0x62, 0x61, 0x63, 0x6B, 0x52, 0x61, 0x74, 0x65,
    0x20, 0x3D, 0x20, 0x31, 0x36, 0x3B, 0x20, 0x7D, 0x20, 0x63, 0x61, 0x74, 0x63, 0x68, 0x20, 0x28,
    0x5F, 0x29, 0x20, 0x7B, 0x7D, 0x0A, 0x20, 0x20, 0x20, 0x20, 0x20, 0x20, 0x20, 0x20, 0x74, 0x72,
    0x79, 0x20, 0x7B, 0x0A, 0x20, 0x20, 0x20, 0x20, 0x20, 0x20, 0x20, 0x20, 0x20, 0x20, 0x69, 0x66,
    0x20, 0x28, 0x70, 0x6C, 0x61, 0x79, 0x65, 0x72, 0x20, 0x26, 0x26, 0x20, 0x74, 0x79, 0x70, 0x65,
    0x6F, 0x66, 0x20, 0x70, 0x6C, 0x61, 0x79, 0x65, 0x72, 0x2E, 0x73, 0x65, 0x65, 0x6B, 0x54, 0x6F,
    0x20, 0x3D, 0x3D, 0x3D, 0x20, 0x27, 0x66, 0x75, 0x6E, 0x63, 0x74, 0x69, 0x6F, 0x6E, 0x27, 0x20,
    0x26, 0x26, 0x20, 0x4E, 0x75, 0x6D, 0x62, 0x65, 0x72, 0x2E, 0x69, 0x73, 0x46, 0x69, 0x6E, 0x69,
    0x74, 0x65, 0x28, 0x76, 0x69, 0x64, 0x65, 0x6F, 0x2E, 0x64, 0x75, 0x72, 0x61, 0x74, 0x69, 0x6F,
    0x6E, 0x29, 0x29, 0x20, 0x7B, 0x0A, 0x20, 0x20, 0x20, 0x20, 0x20, 0x20, 0x20, 0x20, 0x20, 0x20,
    0x20, 0x20, 0x70, 0x6C, 0x61, 0x79, 0x65, 0x72, 0x2E, 0x73, 0x65, 0x65, 0x6B, 0x54, 0x6F, 0x28,
    0x76, 0x69, 0x64, 0x65, 0x6F, 0x2E, 0x64, 0x75, 0x72, 0x61, 0x74, 0x69, 0x6F, 0x6E, 0x2C, 0x20,
    0x74, 0x72, 0x75, 0x65, 0x29, 0x3B, 0x0A, 0x20, 0x20, 0x20, 0x20, 0x20, 0x20, 0x20, 0x20, 0x20,
    0x20, 0x7D, 0x0A, 0x20, 0x20, 0x20, 0x20, 0x20, 0x20, 0x20, 0x20, 0x7D, 0x20, 0x63, 0x61, 0x74,
    0x63, 0x68, 0x20, 0x28, 0x5F, 0x29, 0x20, 0x7B, 0x7D, 0x0A, 0x20, 0x20, 0x20, 0x20, 0x20, 0x20,
    0x20, 0x20, 0x74, 0x72, 0x79, 0x20, 0x7B, 0x0A, 0x20, 0x20, 0x20, 0x20, 0x20, 0x20, 0x20, 0x20,
    0x20, 0x20, 0x69, 0x66, 0x20, 0x28, 0x4E, 0x75, 0x6D, 0x62, 0x65, 0x72, 0x2E, 0x69, 0x73, 0x46,
    0x69, 0x6E, 0x69, 0x74, 0x65, 0x28, 0x76, 0x69, 0x64, 0x65, 0x6F, 0x2E, 0x64, 0x75, 0x72, 0x61,
    0x74, 0x69, 0x6F, 0x6E, 0x29, 0x20, 0x26, 0x26, 0x20, 0x76, 0x69, 0x64, 0x65, 0x6F, 0x2E, 0x64,
    0x75, 0x72, 0x61, 0x74, 0x69, 0x6F, 0x6E, 0x20, 0x3E, 0x20, 0x30, 0x2E, 0x32, 0x35, 0x29, 0x20,
    0x7B, 0x0A, 0x20, 0x20, 0x20, 0x20, 0x20, 0x20, 0x20, 0x20, 0x20, 0x20, 0x20, 0x20, 0x76, 0x69,
    0x64, 0x65, 0x6F, 0x2E, 0x63, 0x75, 0x72, 0x72, 0x65, 0x6E, 0x74, 0x54, 0x69, 0x6D, 0x65, 0x20,
    0x3D, 0x20, 0x4D, 0x61, 0x74, 0x68, 0x2E, 0x6D, 0x61, 0x78, 0x28, 0x30, 0x2C, 0x20, 0x76, 0x69,
    0x64, 0x65, 0x6F, 0x2E, 0x64, 0x75, 0x72, 0x61, 0x74, 0x69, 0x6F, 0x6E, 0x20, 0x2D, 0x20, 0x30,
    0x2E, 0x30, 0x35, 0x29, 0x3B, 0x0A, 0x20, 0x20, 0x20, 0x20, 0x20, 0x20, 0x20, 0x20, 0x20, 0x20,
    0x7D, 0x0A, 0x20, 0x20, 0x20, 0x20, 0x20, 0x20, 0x20, 0x20, 0x7D, 0x20, 0x63, 0x61, 0x74, 0x63,
    0x68, 0x20, 0x28, 0x5F, 0x29, 0x20, 0x7B, 0x7D, 0x0A, 0x20, 0x20, 0x20, 0x20, 0x20, 0x20, 0x20,
    0x20, 0x74, 0x72, 0x79, 0x20, 0x7B, 0x0A, 0x20, 0x20, 0x20, 0x20, 0x20, 0x20, 0x20, 0x20, 0x20,
    0x20, 0x63, 0x6F, 0x6E, 0x73, 0x74, 0x20, 0x70, 0x72, 0x6F, 0x6D, 0x69, 0x73, 0x65, 0x20, 0x3D,
    0x20, 0x76, 0x69, 0x64, 0x65, 0x6F, 0x2E, 0x70, 0x6C, 0x61, 0x79, 0x28, 0x29, 0x3B, 0x0A, 0x20,
    0x20, 0x20, 0x20, 0x20, 0x20, 0x20, 0x20, 0x20, 0x20, 0x69, 0x66, 0x20, 0x28, 0x70, 0x72, 0x6F,
    0x6D, 0x69, 0x73, 0x65, 0x20, 0x26, 0x26, 0x20, 0x74, 0x79, 0x70, 0x65, 0x6F, 0x66, 0x20, 0x70,
    0x72, 0x6F, 0x6D, 0x69, 0x73, 0x65, 0x2E, 0x63, 0x61, 0x74, 0x63, 0x68, 0x20, 0x3D, 0x3D, 0x3D,
    0x20, 0x27, 0x66, 0x75, 0x6E, 0x63, 0x74, 0x69, 0x6F, 0x6E, 0x27, 0x29, 0x20, 0x70, 0x72, 0x6F,
    0x6D, 0x69, 0x73, 0x65, 0x2E, 0x63, 0x61, 0x74, 0x63, 0x68, 0x28, 0x28, 0x29, 0x20, 0x3D, 0x3E,
    0x20, 0x7B, 0x7D, 0x29, 0x3B, 0x0A, 0x20, 0x20, 0x20, 0x20, 0x20, 0x20, 0x20, 0x20, 0x7D, 0x20,
    0x63, 0x61, 0x74, 0x63, 0x68, 0x20, 0x28, 0x5F, 0x29, 0x20, 0x7B, 0x7D, 0x0A, 0x20, 0x20, 0x20,
    0x20, 0x20, 0x20, 0x7D, 0x20, 0x65, 0x6C, 0x73, 0x65, 0x20, 0x69, 0x66, 0x20, 0x28, 0x76, 0x69,
    0x64, 0x65, 0x6F, 0x20, 0x26, 0x26, 0x20, 0x76, 0x69, 0x64, 0x65, 0x6F, 0x2E, 0x5F, 0x5F, 0x67,
    0x6F, 0x6F, 0x67, 0x6C, 0x65, 0x75, 0x69, 0x41, 0x64, 0x50, 0x6C, 0x61, 0x79, 0x62, 0x61, 0x63,
    0x6B, 0x53, 0x74, 0x61, 0x74, 0x65, 0x29, 0x20, 0x7B, 0x0A, 0x20, 0x20, 0x20, 0x20, 0x20, 0x20,
    0x20, 0x20, 0x63, 0x6F, 0x6E, 0x73, 0x74, 0x20, 0x6F, 0x6C, 0x64, 0x20, 0x3D, 0x20, 0x76, 0x69,
    0x64, 0x65, 0x6F, 0x2E, 0x5F, 0x5F, 0x67, 0x6F, 0x6F, 0x67, 0x6C, 0x65, 0x75, 0x69, 0x41, 0x64,
    0x50, 0x6C, 0x61, 0x79, 0x62, 0x61, 0x63, 0x6B, 0x53, 0x74, 0x61, 0x74, 0x65, 0x3B, 0x0A, 0x20,
    0x20, 0x20, 0x20, 0x20, 0x20, 0x20, 0x20, 0x74, 0x72, 0x79, 0x20, 0x7B, 0x20, 0x76, 0x69, 0x64,
    0x65, 0x6F, 0x2E, 0x6D, 0x75, 0x74, 0x65, 0x64, 0x20, 0x3D, 0x20, 0x6F, 0x6C, 0x64, 0x2E, 0x6D,
    0x75, 0x74, 0x65, 0x64, 0x3B, 0x20, 0x7D, 0x20, 0x63, 0x61, 0x74, 0x63, 0x68, 0x20, 0x28, 0x5F,
    0x29, 0x20, 0x7B, 0x7D, 0x0A, 0x20, 0x20, 0x20, 0x20, 0x20, 0x20, 0x20, 0x20, 0x74, 0x72, 0x79,
    0x20, 0x7B, 0x20, 0x69, 0x66, 0x20, 0x28, 0x4E, 0x75, 0x6D, 0x62, 0x65, 0x72, 0x2E, 0x69, 0x73,
    0x46, 0x69, 0x6E, 0x69, 0x74, 0x65, 0x28, 0x6F, 0x6C, 0x64, 0x2E, 0x76, 0x6F, 0x6C, 0x75, 0x6D,
    0x65, 0x29, 0x29, 0x20, 0x76, 0x69, 0x64, 0x65, 0x6F, 0x2E, 0x76, 0x6F, 0x6C, 0x75, 0x6D, 0x65,
    0x20, 0x3D, 0x20, 0x6F, 0x6C, 0x64, 0x2E, 0x76, 0x6F, 0x6C, 0x75, 0x6D, 0x65, 0x3B, 0x20, 0x7D,
    0x20, 0x63, 0x61, 0x74, 0x63, 0x68, 0x20, 0x28, 0x5F, 0x29, 0x20, 0x7B, 0x7D, 0x0A, 0x20, 0x20,
    0x20, 0x20, 0x20, 0x20, 0x20, 0x20, 0x74, 0x72, 0x79, 0x20, 0x7B, 0x20, 0x76, 0x69, 0x64, 0x65,
    0x6F, 0x2E, 0x70, 0x6C, 0x61, 0x79, 0x62, 0x61, 0x63, 0x6B, 0x52, 0x61, 0x74, 0x65, 0x20, 0x3D,
    0x20, 0x6F, 0x6C, 0x64, 0x2E, 0x70, 0x6C, 0x61, 0x79, 0x62, 0x61, 0x63, 0x6B, 0x52, 0x61, 0x74,
    0x65, 0x3B, 0x20, 0x7D, 0x20, 0x63, 0x61, 0x74, 0x63, 0x68, 0x20, 0x28, 0x5F, 0x29, 0x20, 0x7B,
    0x7D, 0x0A, 0x20, 0x20, 0x20, 0x20, 0x20, 0x20, 0x20, 0x20, 0x74, 0x72, 0x79, 0x20, 0x7B, 0x20,
    0x64, 0x65, 0x6C, 0x65, 0x74, 0x65, 0x20, 0x76, 0x69, 0x64, 0x65, 0x6F, 0x2E, 0x5F, 0x5F, 0x67,
    0x6F, 0x6F, 0x67, 0x6C, 0x65, 0x75, 0x69, 0x41, 0x64, 0x50, 0x6C, 0x61, 0x79, 0x62, 0x61, 0x63,
    0x6B, 0x53, 0x74, 0x61, 0x74, 0x65, 0x3B, 0x20, 0x7D, 0x20, 0x63, 0x61, 0x74, 0x63, 0x68, 0x20,
    0x28, 0x5F, 0x29, 0x20, 0x7B, 0x20, 0x76, 0x69, 0x64, 0x65, 0x6F, 0x2E, 0x5F, 0x5F, 0x67, 0x6F,
    0x6F, 0x67, 0x6C, 0x65, 0x75, 0x69, 0x41, 0x64, 0x50, 0x6C, 0x61, 0x79, 0x62, 0x61, 0x63, 0x6B,
    0x53, 0x74, 0x61, 0x74, 0x65, 0x20, 0x3D, 0x20, 0x6E, 0x75, 0x6C, 0x6C, 0x3B, 0x20, 0x7D, 0x0A,
    0x20, 0x20, 0x20, 0x20, 0x20, 0x20, 0x7D, 0x0A, 0x20, 0x20, 0x20, 0x20, 0x7D, 0x20, 0x63, 0x61,
    0x74, 0x63, 0x68, 0x20, 0x28, 0x5F, 0x29, 0x20, 0x7B, 0x7D, 0x0A, 0x20, 0x20, 0x7D, 0x0A, 0x0A,
    0x20, 0x20, 0x66, 0x75, 0x6E, 0x63, 0x74, 0x69, 0x6F, 0x6E, 0x20, 0x73, 0x77, 0x65, 0x65, 0x70,
    0x28, 0x72, 0x6F, 0x6F, 0x74, 0x29, 0x20, 0x7B, 0x0A, 0x20, 0x20, 0x20, 0x20, 0x69, 0x66, 0x20,
    0x28, 0x21, 0x73, 0x74, 0x61, 0x74, 0x65, 0x2E, 0x65, 0x6E, 0x61, 0x62, 0x6C, 0x65, 0x64, 0x20,
    0x7C, 0x7C, 0x20, 0x21, 0x72, 0x6F, 0x6F, 0x74, 0x29, 0x20, 0x72, 0x65, 0x74, 0x75, 0x72, 0x6E,
    0x3B, 0x0A, 0x20, 0x20, 0x20, 0x20, 0x74, 0x72, 0x79, 0x20, 0x7B, 0x0A, 0x20, 0x20, 0x20, 0x20,
    0x20, 0x20, 0x66, 0x6F, 0x72, 0x20, 0x28, 0x63, 0x6F, 0x6E, 0x73, 0x74, 0x20, 0x73, 0x65, 0x6C,
    0x65, 0x63, 0x74, 0x6F, 0x72, 0x20, 0x6F, 0x66, 0x20, 0x73, 0x65, 0x6C, 0x65, 0x63, 0x74, 0x6F,
    0x72, 0x73, 0x29, 0x20, 0x7B, 0x0A, 0x20, 0x20, 0x20, 0x20, 0x20, 0x20, 0x20, 0x20, 0x72, 0x6F,
    0x6F, 0x74, 0x2E, 0x71, 0x75, 0x65, 0x72, 0x79, 0x53, 0x65, 0x6C, 0x65, 0x63, 0x74, 0x6F, 0x72,
    0x41, 0x6C, 0x6C, 0x28, 0x73, 0x65, 0x6C, 0x65, 0x63, 0x74, 0x6F, 0x72, 0x29, 0x2E, 0x66, 0x6F,
    0x72, 0x45, 0x61, 0x63, 0x68, 0x28, 0x6E, 0x6F, 0x64, 0x65, 0x20, 0x3D, 0x3E, 0x20, 0x7B, 0x0A,
    0x20, 0x20, 0x20, 0x20, 0x20, 0x20, 0x20, 0x20, 0x20, 0x20, 0x69, 0x66, 0x20, 0x28, 0x21, 0x69,
    0x73, 0x50, 0x72, 0x6F, 0x74, 0x65, 0x63, 0x74, 0x65, 0x64, 0x4D, 0x65, 0x64, 0x69, 0x61, 0x4E,
    0x6F, 0x64, 0x65, 0x28, 0x6E, 0x6F, 0x64, 0x65, 0x29, 0x20, 0x7C, 0x7C, 0x20, 0x69, 0x73, 0x45,
    0x78, 0x70, 0x6C, 0x69, 0x63, 0x69, 0x74, 0x41, 0x64, 0x4E, 0x6F, 0x64, 0x65, 0x28, 0x6E, 0x6F,
    0x64, 0x65, 0x29, 0x29, 0x20, 0x6E, 0x6F, 0x64, 0x65, 0x2E, 0x72, 0x65, 0x6D, 0x6F, 0x76, 0x65,
    0x28, 0x29, 0x3B, 0x0A, 0x20, 0x20, 0x20, 0x20, 0x20, 0x20, 0x20, 0x20, 0x7D, 0x29, 0x3B, 0x0A,
    0x20, 0x20, 0x20, 0x20, 0x20, 0x20, 0x7D, 0x0A, 0x20, 0x20, 0x20, 0x20, 0x20, 0x20, 0x72, 0x6F,
    0x6F, 0x74, 0x2E, 0x71, 0x75, 0x65, 0x72, 0x79, 0x53, 0x65, 0x6C, 0x65, 0x63, 0x74, 0x6F, 0x72,
    0x41, 0x6C, 0x6C, 0x28, 0x27, 0x69, 0x66, 0x72, 0x61, 0x6D, 0x65, 0x2C, 0x73, 0x63, 0x72, 0x69,
    0x70, 0x74, 0x2C, 0x69, 0x6D, 0x67, 0x2C, 0x73, 0x6F, 0x75, 0x72, 0x63, 0x65, 0x2C, 0x6C, 0x69,
    0x6E, 0x6B, 0x2C, 0x5B, 0x69, 0x64, 0x5D, 0x2C, 0x5B, 0x63, 0x6C, 0x61, 0x73, 0x73, 0x5D, 0x2C,
    0x5B, 0x64, 0x61, 0x74, 0x61, 0x2D, 0x61, 0x64, 0x5D, 0x2C, 0x5B, 0x64, 0x61, 0x74, 0x61, 0x2D,
    0x73, 0x70, 0x6F, 0x6E, 0x73, 0x6F, 0x72, 0x65, 0x64, 0x5D, 0x27, 0x29, 0x0A, 0x20, 0x20, 0x20,
    0x20, 0x20, 0x20, 0x20, 0x20, 0x2E, 0x66, 0x6F, 0x72, 0x45, 0x61, 0x63, 0x68, 0x28, 0x6E, 0x6F,
    0x64, 0x65, 0x20, 0x3D, 0x3E, 0x20, 0x7B, 0x20, 0x69, 0x66, 0x20, 0x28, 0x6C, 0x6F, 0x6F, 0x6B,
    0x73, 0x4C, 0x69, 0x6B, 0x65, 0x41, 0x64, 0x28, 0x6E, 0x6F, 0x64, 0x65, 0x29, 0x29, 0x20, 0x6E,
    0x6F, 0x64, 0x65, 0x2E, 0x72, 0x65, 0x6D, 0x6F, 0x76, 0x65, 0x28, 0x29, 0x3B, 0x20, 0x7D, 0x29,
    0x3B, 0x0A, 0x20, 0x20, 0x20, 0x20, 0x20, 0x20, 0x72, 0x65, 0x6D, 0x6F, 0x76, 0x65, 0x53, 0x70,
    0x6F, 0x6E, 0x73, 0x6F, 0x72, 0x65, 0x64, 0x46, 0x65, 0x65, 0x64, 0x73, 0x28, 0x72, 0x6F, 0x6F,
    0x74, 0x29, 0x3B, 0x0A, 0x20, 0x20, 0x20, 0x20, 0x20, 0x20, 0x69, 0x66, 0x20, 0x28, 0x69, 0x73,
    0x59, 0x6F, 0x75, 0x54, 0x75, 0x62, 0x65, 0x29, 0x20, 0x79, 0x6F, 0x75, 0x74, 0x75, 0x62, 0x65,
    0x43, 0x6C, 0x65, 0x61, 0x6E, 0x75, 0x70, 0x28, 0x72, 0x6F, 0x6F, 0x74, 0x29, 0x3B, 0x0A, 0x20,
    0x20, 0x20, 0x20, 0x7D, 0x20, 0x63, 0x61, 0x74, 0x63, 0x68, 0x20, 0x28, 0x5F, 0x29, 0x20, 0x7B,
    0x7D, 0x0A, 0x20, 0x20, 0x7D, 0x0A, 0x20, 0x20, 0x73, 0x74, 0x61, 0x74, 0x65, 0x2E, 0x73, 0x77,
    0x65, 0x65, 0x70, 0x20, 0x3D, 0x20, 0x73, 0x77, 0x65, 0x65, 0x70, 0x3B, 0x0A, 0x0A, 0x20, 0x20,
    0x63, 0x6F, 0x6E, 0x73, 0x74, 0x20, 0x73, 0x74, 0x79, 0x6C, 0x65, 0x20, 0x3D, 0x20, 0x64, 0x6F,
    0x63, 0x75, 0x6D, 0x65, 0x6E, 0x74, 0x2E, 0x63, 0x72, 0x65, 0x61, 0x74, 0x65, 0x45, 0x6C, 0x65,
    0x6D, 0x65, 0x6E, 0x74, 0x28, 0x27, 0x73, 0x74, 0x79, 0x6C, 0x65, 0x27, 0x29, 0x3B, 0x0A, 0x20,
    0x20, 0x73, 0x74, 0x79, 0x6C, 0x65, 0x2E, 0x69, 0x64, 0x20, 0x3D, 0x20, 0x27, 0x67, 0x6F, 0x6F,
    0x67, 0x6C, 0x65, 0x2D, 0x75, 0x6E, 0x69, 0x76, 0x65, 0x72, 0x73, 0x61, 0x6C, 0x2D, 0x61, 0x64,
    0x62, 0x6C, 0x6F, 0x63, 0x6B, 0x2D, 0x73, 0x74, 0x79, 0x6C, 0x65, 0x27, 0x3B, 0x0A, 0x20, 0x20,
    0x73, 0x74, 0x79, 0x6C, 0x65, 0x2E, 0x74, 0x65, 0x78, 0x74, 0x43, 0x6F, 0x6E, 0x74, 0x65, 0x6E,
    0x74, 0x20, 0x3D, 0x20, 0x73, 0x65, 0x6C, 0x65, 0x63, 0x74, 0x6F, 0x72, 0x73, 0x2E, 0x6A, 0x6F,
    0x69, 0x6E, 0x28, 0x27, 0x2C, 0x27, 0x29, 0x20, 0x2B, 0x20, 0x27, 0x7B, 0x64, 0x69, 0x73, 0x70,
    0x6C, 0x61, 0x79, 0x3A, 0x6E, 0x6F, 0x6E, 0x65, 0x21, 0x69, 0x6D, 0x70, 0x6F, 0x72, 0x74, 0x61,
    0x6E, 0x74, 0x3B, 0x76, 0x69, 0x73, 0x69, 0x62, 0x69, 0x6C, 0x69, 0x74, 0x79, 0x3A, 0x68, 0x69,
    0x64, 0x64, 0x65, 0x6E, 0x21, 0x69, 0x6D, 0x70, 0x6F, 0x72, 0x74, 0x61, 0x6E, 0x74, 0x3B, 0x6D,
    0x61, 0x78, 0x2D, 0x68, 0x65, 0x69, 0x67, 0x68, 0x74, 0x3A, 0x30, 0x21, 0x69, 0x6D, 0x70, 0x6F,
    0x72, 0x74, 0x61, 0x6E, 0x74, 0x3B, 0x6D, 0x69, 0x6E, 0x2D, 0x68, 0x65, 0x69, 0x67, 0x68, 0x74,
    0x3A, 0x30, 0x21, 0x69, 0x6D, 0x70, 0x6F, 0x72, 0x74, 0x61, 0x6E, 0x74, 0x3B, 0x68, 0x65, 0x69,
    0x67, 0x68, 0x74, 0x3A, 0x30, 0x21, 0x69, 0x6D, 0x70, 0x6F, 0x72, 0x74, 0x61, 0x6E, 0x74, 0x3B,
    0x6F, 0x76, 0x65, 0x72, 0x66, 0x6C, 0x6F, 0x77, 0x3A, 0x68, 0x69, 0x64, 0x64, 0x65, 0x6E, 0x21,
    0x69, 0x6D, 0x70, 0x6F, 0x72, 0x74, 0x61, 0x6E, 0x74, 0x3B, 0x70, 0x6F, 0x69, 0x6E, 0x74, 0x65,
    0x72, 0x2D, 0x65, 0x76, 0x65, 0x6E, 0x74, 0x73, 0x3A, 0x6E, 0x6F, 0x6E, 0x65, 0x21, 0x69, 0x6D,
    0x70, 0x6F, 0x72, 0x74, 0x61, 0x6E, 0x74, 0x7D, 0x27, 0x3B, 0x0A, 0x20, 0x20, 0x28, 0x64, 0x6F,
    0x63, 0x75, 0x6D, 0x65, 0x6E, 0x74, 0x2E, 0x68, 0x65, 0x61, 0x64, 0x20, 0x7C, 0x7C, 0x20, 0x64,
    0x6F, 0x63, 0x75, 0x6D, 0x65, 0x6E, 0x74, 0x2E, 0x64, 0x6F, 0x63, 0x75, 0x6D, 0x65, 0x6E, 0x74,
    0x45, 0x6C, 0x65, 0x6D, 0x65, 0x6E, 0x74, 0x29, 0x2E, 0x61, 0x70, 0x70, 0x65, 0x6E, 0x64, 0x43,
    0x68, 0x69, 0x6C, 0x64, 0x28, 0x73, 0x74, 0x79, 0x6C, 0x65, 0x29, 0x3B, 0x0A, 0x20, 0x20, 0x73,
    0x74, 0x61, 0x74, 0x65, 0x2E, 0x73, 0x74, 0x79, 0x6C, 0x65, 0x20, 0x3D, 0x20, 0x73, 0x74, 0x79,
    0x6C, 0x65, 0x3B, 0x0A, 0x0A, 0x20, 0x20, 0x73, 0x74, 0x61, 0x74, 0x65, 0x2E, 0x6F, 0x62, 0x73,
    0x65, 0x72, 0x76, 0x65, 0x72, 0x20, 0x3D, 0x20, 0x6E, 0x65, 0x77, 0x20, 0x4D, 0x75, 0x74, 0x61,
    0x74, 0x69, 0x6F, 0x6E, 0x4F, 0x62, 0x73, 0x65, 0x72, 0x76, 0x65, 0x72, 0x28, 0x72, 0x65, 0x63,
    0x6F, 0x72, 0x64, 0x73, 0x20, 0x3D, 0x3E, 0x20, 0x7B, 0x0A, 0x20, 0x20, 0x20, 0x20, 0x66, 0x6F,
    0x72, 0x20, 0x28, 0x63, 0x6F, 0x6E, 0x73, 0x74, 0x20, 0x72, 0x65, 0x63, 0x6F, 0x72, 0x64, 0x20,
    0x6F, 0x66, 0x20, 0x72, 0x65, 0x63, 0x6F, 0x72, 0x64, 0x73, 0x29, 0x20, 0x7B, 0x0A, 0x20, 0x20,
    0x20, 0x20, 0x20, 0x20, 0x66, 0x6F, 0x72, 0x20, 0x28, 0x63, 0x6F, 0x6E, 0x73, 0x74, 0x20, 0x6E,
    0x6F, 0x64, 0x65, 0x20, 0x6F, 0x66, 0x20, 0x72, 0x65, 0x63, 0x6F, 0x72, 0x64, 0x2E, 0x61, 0x64,
    0x64, 0x65, 0x64, 0x4E, 0x6F, 0x64, 0x65, 0x73, 0x20, 0x7C, 0x7C, 0x20, 0x5B, 0x5D, 0x29, 0x20,
    0x7B, 0x0A, 0x20, 0x20, 0x20, 0x20, 0x20, 0x20, 0x20, 0x20, 0x69, 0x66, 0x20, 0x28, 0x6E, 0x6F,
    0x64, 0x65, 0x20, 0x26, 0x26, 0x20, 0x6E, 0x6F, 0x64, 0x65, 0x2E, 0x6E, 0x6F, 0x64, 0x65, 0x54,
    0x79, 0x70, 0x65, 0x20, 0x3D, 0x3D, 0x3D, 0x20, 0x31, 0x29, 0x20, 0x7B, 0x0A, 0x20, 0x20, 0x20,
    0x20, 0x20, 0x20, 0x20, 0x20, 0x20, 0x20, 0x69, 0x66, 0x20, 0x28, 0x6C, 0x6F, 0x6F, 0x6B, 0x73,
    0x4C, 0x69, 0x6B, 0x65, 0x41, 0x64, 0x28, 0x6E, 0x6F, 0x64, 0x65, 0x29, 0x29, 0x20, 0x6E, 0x6F,
    0x64, 0x65, 0x2E, 0x72, 0x65, 0x6D, 0x6F, 0x76, 0x65, 0x28, 0x29, 0x3B, 0x0A, 0x20, 0x20, 0x20,
    0x20, 0x20, 0x20, 0x20, 0x20, 0x20, 0x20, 0x65, 0x6C, 0x73, 0x65, 0x20, 0x73, 0x77, 0x65, 0x65,
    0x70, 0x28, 0x6E, 0x6F, 0x64, 0x65, 0x29, 0x3B, 0x0A, 0x20, 0x20, 0x20, 0x20, 0x20, 0x20, 0x20,
    0x20, 0x7D, 0x0A, 0x20, 0x20, 0x20, 0x20, 0x20, 0x20, 0x7D, 0x0A, 0x20, 0x20, 0x20, 0x20, 0x20,
    0x20, 0x69, 0x66, 0x20, 0x28, 0x69, 0x73, 0x59, 0x6F, 0x75, 0x54, 0x75, 0x62, 0x65, 0x20, 0x26,
    0x26, 0x20, 0x72, 0x65, 0x63, 0x6F, 0x72, 0x64, 0x2E, 0x74, 0x61, 0x72, 0x67, 0x65, 0x74, 0x20,
    0x26, 0x26, 0x20, 0x72, 0x65, 0x63, 0x6F, 0x72, 0x64, 0x2E, 0x74, 0x61, 0x72, 0x67, 0x65, 0x74,
    0x2E, 0x6E, 0x6F, 0x64, 0x65, 0x54, 0x79, 0x70, 0x65, 0x20, 0x3D, 0x3D, 0x3D, 0x20, 0x31, 0x29,
    0x20, 0x7B, 0x0A, 0x20, 0x20, 0x20, 0x20, 0x20, 0x20, 0x20, 0x20, 0x74, 0x72, 0x79, 0x20, 0x7B,
    0x20, 0x79, 0x6F, 0x75, 0x74, 0x75, 0x62, 0x65, 0x43, 0x6C, 0x65, 0x61, 0x6E, 0x75, 0x70, 0x28,
    0x72, 0x65, 0x63, 0x6F, 0x72, 0x64, 0x2E, 0x74, 0x61, 0x72, 0x67, 0x65, 0x74, 0x2E, 0x6F, 0x77,
    0x6E, 0x65, 0x72, 0x44, 0x6F, 0x63, 0x75, 0x6D, 0x65, 0x6E, 0x74, 0x20, 0x7C, 0x7C, 0x20, 0x64,
    0x6F, 0x63, 0x75, 0x6D, 0x65, 0x6E, 0x74, 0x29, 0x3B, 0x20, 0x7D, 0x20, 0x63, 0x61, 0x74, 0x63,
    0x68, 0x20, 0x28, 0x5F, 0x29, 0x20, 0x7B, 0x7D, 0x0A, 0x20, 0x20, 0x20, 0x20, 0x20, 0x20, 0x7D,
    0x0A, 0x20, 0x20, 0x20, 0x20, 0x7D, 0x0A, 0x20, 0x20, 0x7D, 0x29, 0x3B, 0x0A, 0x20, 0x20, 0x73,
    0x74, 0x61, 0x74, 0x65, 0x2E, 0x6F, 0x62, 0x73, 0x65, 0x72, 0x76, 0x65, 0x72, 0x2E, 0x6F, 0x62,
    0x73, 0x65, 0x72, 0x76, 0x65, 0x28, 0x64, 0x6F, 0x63, 0x75, 0x6D, 0x65, 0x6E, 0x74, 0x2E, 0x64,
    0x6F, 0x63, 0x75, 0x6D, 0x65, 0x6E, 0x74, 0x45, 0x6C, 0x65, 0x6D, 0x65, 0x6E, 0x74, 0x20, 0x7C,
    0x7C, 0x20, 0x64, 0x6F, 0x63, 0x75, 0x6D, 0x65, 0x6E, 0x74, 0x2C, 0x20, 0x7B, 0x0A, 0x20, 0x20,
    0x20, 0x20, 0x63, 0x68, 0x69, 0x6C, 0x64, 0x4C, 0x69, 0x73, 0x74, 0x3A, 0x20, 0x74, 0x72, 0x75,
    0x65, 0x2C, 0x0A, 0x20, 0x20, 0x20, 0x20, 0x73, 0x75, 0x62, 0x74, 0x72, 0x65, 0x65, 0x3A, 0x20,
    0x74, 0x72, 0x75, 0x65, 0x2C, 0x0A, 0x20, 0x20, 0x20, 0x20, 0x61, 0x74, 0x74, 0x72, 0x69, 0x62,
    0x75, 0x74, 0x65, 0x73, 0x3A, 0x20, 0x74, 0x72, 0x75, 0x65, 0x2C, 0x0A, 0x20, 0x20, 0x20, 0x20,
    0x61, 0x74, 0x74, 0x72, 0x69, 0x62, 0x75, 0x74, 0x65, 0x46, 0x69, 0x6C, 0x74, 0x65, 0x72, 0x3A,
    0x20, 0x5B, 0x27, 0x73, 0x72, 0x63, 0x27, 0x2C, 0x27, 0x68, 0x72, 0x65, 0x66, 0x27, 0x2C, 0x27,
    0x63, 0x6C, 0x61, 0x73, 0x73, 0x27, 0x2C, 0x27, 0x69, 0x64, 0x27, 0x2C, 0x27, 0x64, 0x61, 0x74,
    0x61, 0x2D, 0x61, 0x64, 0x27, 0x2C, 0x27, 0x64, 0x61, 0x74, 0x61, 0x2D, 0x73, 0x70, 0x6F, 0x6E,
    0x73, 0x6F, 0x72, 0x65, 0x64, 0x27, 0x5D, 0x0A, 0x20, 0x20, 0x7D, 0x29, 0x3B, 0x0A, 0x20, 0x20,
    0x73, 0x74, 0x61, 0x74, 0x65, 0x2E, 0x74, 0x69, 0x6D, 0x65, 0x72, 0x20, 0x3D, 0x20, 0x73, 0x65,
    0x74, 0x49, 0x6E, 0x74, 0x65, 0x72, 0x76, 0x61, 0x6C, 0x28, 0x28, 0x29, 0x20, 0x3D, 0x3E, 0x20,
    0x73, 0x77, 0x65, 0x65, 0x70, 0x28, 0x64, 0x6F, 0x63, 0x75, 0x6D, 0x65, 0x6E, 0x74, 0x29, 0x2C,
    0x20, 0x69, 0x73, 0x59, 0x6F, 0x75, 0x54, 0x75, 0x62, 0x65, 0x20, 0x3F, 0x20, 0x31, 0x30, 0x30,
    0x20, 0x3A, 0x20, 0x31, 0x32, 0x35, 0x30, 0x29, 0x3B, 0x0A, 0x20, 0x20, 0x73, 0x74, 0x61, 0x74,
    0x65, 0x2E, 0x63, 0x6C, 0x65, 0x61, 0x6E, 0x75, 0x70, 0x20, 0x3D, 0x20, 0x66, 0x75, 0x6E, 0x63,
    0x74, 0x69, 0x6F, 0x6E, 0x28, 0x29, 0x20, 0x7B, 0x0A, 0x20, 0x20, 0x20, 0x20, 0x73, 0x74, 0x61,
    0x74, 0x65, 0x2E, 0x65, 0x6E, 0x61, 0x62, 0x6C, 0x65, 0x64, 0x20, 0x3D, 0x20, 0x66, 0x61, 0x6C,
    0x73, 0x65, 0x3B, 0x0A, 0x20, 0x20, 0x20, 0x20, 0x74, 0x72, 0x79, 0x20, 0x7B, 0x20, 0x73, 0x74,
    0x61, 0x74, 0x65, 0x2E, 0x6F, 0x62, 0x73, 0x65, 0x72, 0x76, 0x65, 0x72, 0x20, 0x26, 0x26, 0x20,
    0x73, 0x74, 0x61, 0x74, 0x65, 0x2E, 0x6F, 0x62, 0x73, 0x65, 0x72, 0x76, 0x65, 0x72, 0x2E, 0x64,
    0x69, 0x73, 0x63, 0x6F, 0x6E, 0x6E, 0x65, 0x63, 0x74, 0x28, 0x29, 0x3B, 0x20, 0x7D, 0x20, 0x63,
    0x61, 0x74, 0x63, 0x68, 0x20, 0x28, 0x5F, 0x29, 0x20, 0x7B, 0x7D, 0x0A, 0x20, 0x20, 0x20, 0x20,
    0x74, 0x72, 0x79, 0x20, 0x7B, 0x20, 0x73, 0x74, 0x61, 0x74, 0x65, 0x2E, 0x74, 0x69, 0x6D, 0x65,
    0x72, 0x20, 0x26, 0x26, 0x20, 0x63, 0x6C, 0x65, 0x61, 0x72, 0x49, 0x6E, 0x74, 0x65, 0x72, 0x76,
    0x61, 0x6C, 0x28, 0x73, 0x74, 0x61, 0x74, 0x65, 0x2E, 0x74, 0x69, 0x6D, 0x65, 0x72, 0x29, 0x3B,
    0x20, 0x7D, 0x20, 0x63, 0x61, 0x74, 0x63, 0x68, 0x20, 0x28, 0x5F, 0x29, 0x20, 0x7B, 0x7D, 0x0A,
    0x20, 0x20, 0x20, 0x20, 0x74, 0x72, 0x79, 0x20, 0x7B, 0x20, 0x73, 0x74, 0x61, 0x74, 0x65, 0x2E,
    0x73, 0x74, 0x79, 0x6C, 0x65, 0x20, 0x26, 0x26, 0x20, 0x73, 0x74, 0x61, 0x74, 0x65, 0x2E, 0x73,
    0x74, 0x79, 0x6C, 0x65, 0x2E, 0x72, 0x65, 0x6D, 0x6F, 0x76, 0x65, 0x28, 0x29, 0x3B, 0x20, 0x7D,
    0x20, 0x63, 0x61, 0x74, 0x63, 0x68, 0x20, 0x28, 0x5F, 0x29, 0x20, 0x7B, 0x7D, 0x0A, 0x20, 0x20,
    0x20, 0x20, 0x69, 0x66, 0x20, 0x28, 0x69, 0x73, 0x59, 0x6F, 0x75, 0x54, 0x75, 0x62, 0x65, 0x29,
    0x20, 0x7B, 0x0A, 0x20, 0x20, 0x20, 0x20, 0x20, 0x20, 0x74, 0x72, 0x79, 0x20, 0x7B, 0x20, 0x69,
    0x66, 0x20, 0x28, 0x73, 0x74, 0x61, 0x74, 0x65, 0x2E, 0x6F, 0x72, 0x69, 0x67, 0x69, 0x6E, 0x61,
    0x6C, 0x73, 0x2E, 0x72, 0x65, 0x73, 0x70, 0x6F, 0x6E, 0x73, 0x65, 0x4A, 0x73, 0x6F, 0x6E, 0x29,
    0x20, 0x52, 0x65, 0x73, 0x70, 0x6F, 0x6E, 0x73, 0x65, 0x2E, 0x70, 0x72, 0x6F, 0x74, 0x6F, 0x74,
    0x79, 0x70, 0x65, 0x2E, 0x6A, 0x73, 0x6F, 0x6E, 0x20, 0x3D, 0x20, 0x73, 0x74, 0x61, 0x74, 0x65,
    0x2E, 0x6F, 0x72, 0x69, 0x67, 0x69, 0x6E, 0x61, 0x6C, 0x73, 0x2E, 0x72, 0x65, 0x73, 0x70, 0x6F,
    0x6E, 0x73, 0x65, 0x4A, 0x73, 0x6F, 0x6E, 0x3B, 0x20, 0x7D, 0x20, 0x63, 0x61, 0x74, 0x63, 0x68,
    0x20, 0x28, 0x5F, 0x29, 0x20, 0x7B, 0x7D, 0x0A, 0x20, 0x20, 0x20, 0x20, 0x20, 0x20, 0x74, 0x72,
    0x79, 0x20, 0x7B, 0x20, 0x69, 0x66, 0x20, 0x28, 0x73, 0x74, 0x61, 0x74, 0x65, 0x2E, 0x6F, 0x72,
    0x69, 0x67, 0x69, 0x6E, 0x61, 0x6C, 0x73, 0x2E, 0x6A, 0x73, 0x6F, 0x6E, 0x50, 0x61, 0x72, 0x73,
    0x65, 0x29, 0x20, 0x4A, 0x53, 0x4F, 0x4E, 0x2E, 0x70, 0x61, 0x72, 0x73, 0x65, 0x20, 0x3D, 0x20,
    0x73, 0x74, 0x61, 0x74, 0x65, 0x2E, 0x6F, 0x72, 0x69, 0x67, 0x69, 0x6E, 0x61, 0x6C, 0x73, 0x2E,
    0x6A, 0x73, 0x6F, 0x6E, 0x50, 0x61, 0x72, 0x73, 0x65, 0x3B, 0x20, 0x7D, 0x20, 0x63, 0x61, 0x74,
    0x63, 0x68, 0x20, 0x28, 0x5F, 0x29, 0x20, 0x7B, 0x7D, 0x0A, 0x20, 0x20, 0x20, 0x20, 0x7D, 0x0A,
    0x20, 0x20, 0x20, 0x20, 0x74, 0x72, 0x79, 0x20, 0x7B, 0x20, 0x69, 0x66, 0x20, 0x28, 0x73, 0x74,
    0x61, 0x74, 0x65, 0x2E, 0x6F, 0x72, 0x69, 0x67, 0x69, 0x6E, 0x61, 0x6C, 0x73, 0x2E, 0x66, 0x65,
    0x74, 0x63, 0x68, 0x29, 0x20, 0x77, 0x69, 0x6E, 0x64, 0x6F, 0x77, 0x2E, 0x66, 0x65, 0x74, 0x63,
    0x68, 0x20, 0x3D, 0x20, 0x73, 0x74, 0x61, 0x74, 0x65, 0x2E, 0x6F, 0x72, 0x69, 0x67, 0x69, 0x6E,
    0x61, 0x6C, 0x73, 0x2E, 0x66, 0x65, 0x74, 0x63, 0x68, 0x3B, 0x20, 0x7D, 0x20, 0x63, 0x61, 0x74,
    0x63, 0x68, 0x20, 0x28, 0x5F, 0x29, 0x20, 0x7B, 0x7D, 0x0A, 0x20, 0x20, 0x20, 0x20, 0x74, 0x72,
    0x79, 0x20, 0x7B, 0x0A, 0x20, 0x20, 0x20, 0x20, 0x20, 0x20, 0x69, 0x66, 0x20, 0x28, 0x73, 0x74,
    0x61, 0x74, 0x65, 0x2E, 0x6F, 0x72, 0x69, 0x67, 0x69, 0x6E, 0x61, 0x6C, 0x73, 0x2E, 0x78, 0x68,
    0x72, 0x4F, 0x70, 0x65, 0x6E, 0x29, 0x20, 0x58, 0x4D, 0x4C, 0x48, 0x74, 0x74, 0x70, 0x52, 0x65,
    0x71, 0x75, 0x65, 0x73, 0x74, 0x2E, 0x70, 0x72, 0x6F, 0x74, 0x6F, 0x74, 0x79, 0x70, 0x65, 0x2E,
    0x6F, 0x70, 0x65, 0x6E, 0x20, 0x3D, 0x20, 0x73, 0x74, 0x61, 0x74, 0x65, 0x2E, 0x6F, 0x72, 0x69,
    0x67, 0x69, 0x6E, 0x61, 0x6C, 0x73, 0x2E, 0x78, 0x68, 0x72, 0x4F, 0x70, 0x65, 0x6E, 0x3B, 0x0A,
    0x20, 0x20, 0x20, 0x20, 0x20, 0x20, 0x69, 0x66, 0x20, 0x28, 0x73, 0x74, 0x61, 0x74, 0x65, 0x2E,
    0x6F, 0x72, 0x69, 0x67, 0x69, 0x6E, 0x61, 0x6C, 0x73, 0x2E, 0x78, 0x68, 0x72, 0x53, 0x65, 0x6E,
    0x64, 0x29, 0x20, 0x58, 0x4D, 0x4C, 0x48, 0x74, 0x74, 0x70, 0x52, 0x65, 0x71, 0x75, 0x65, 0x73,
    0x74, 0x2E, 0x70, 0x72, 0x6F, 0x74, 0x6F, 0x74, 0x79, 0x70, 0x65, 0x2E, 0x73, 0x65, 0x6E, 0x64,
    0x20, 0x3D, 0x20, 0x73, 0x74, 0x61, 0x74, 0x65, 0x2E, 0x6F, 0x72, 0x69, 0x67, 0x69, 0x6E, 0x61,
    0x6C, 0x73, 0x2E, 0x78, 0x68, 0x72, 0x53, 0x65, 0x6E, 0x64, 0x3B, 0x0A, 0x20, 0x20, 0x20, 0x20,
    0x7D, 0x20, 0x63, 0x61, 0x74, 0x63, 0x68, 0x20, 0x28, 0x5F, 0x29, 0x20, 0x7B, 0x7D, 0x0A, 0x20,
    0x20, 0x7D, 0x3B, 0x0A, 0x20, 0x20, 0x73, 0x77, 0x65, 0x65, 0x70, 0x28, 0x64, 0x6F, 0x63, 0x75,
    0x6D, 0x65, 0x6E, 0x74, 0x29, 0x3B, 0x0A, 0x7D, 0x29, 0x28, 0x29, 0x3B, 0x0A, 0x00,
};
const usize kUniversalScriptSize = sizeof(kUniversalScript) - 1;

} // namespace google_ui::adblock_data
